product_url,product_id,product_title,product_rating,nbr_reviews,current_price,old_price,discount_percentage
https://www.etsy.com/fr/listing/4392351544/sac-cabas-en-velours-cotele-personnalise,4392351544,"Sac cabas en velours côtelé personnalisé, sac en velours côtelé brodé, cadeau de Noël, cadeau d'anniversaire, cadeau pour demoiselle d'honneur, sac en velours côtelé décontracté, cadeau pour elle",4.9044,3900,10.68,19.42,45.0
https://www.etsy.com/fr/listing/1197900276/sacs-fourre-tout-a-logo-personnalises,1197900276,Sacs fourre-tout à logo personnalisés Sacs d'épicerie promotionnels réutilisables en toile de coton pour événements professionnels,4.9298,1600,5.47,7.29,25.0
https://www.etsy.com/fr/listing/1852832959/sac-fourre-tout-en-toile-brodee-sac-de,1852832959,"Sac fourre-tout en toile brodée, sac de plage personnalisé avec initiales",4.7559,1300,6.95,17.37,60.0
https://www.etsy.com/fr/listing/4373938822/sac-fourre-tout-minimaliste-personnalise,4373938822,Sac fourre-tout minimaliste personnalisé pour tous les jours avec fermeture à glissière - Cadeaux de demoiselle d'honneur - initiales brodées - Cabas personnalisé - Cabas en velours côtelé09-3,4.988,83,10.42,20.83,50.0
https://www.etsy.com/fr/listing/4359920915/sac-fourre-tout-personnalise-en-toile-de,4359920915,Sac fourre-tout personnalisé en toile de jute| Sac de demoiselle d'honneur personnalisé| Sac de plage monogramme|Sac de mariage| Sac EVJF| Sac personnalisé pour toutes les occasions,4.9002,846,2.31,5.15,55.0
https://www.etsy.com/fr/listing/4390172313/sac-cabas-en-velours-cotele-personnalise,4390172313,"Sac cabas en velours côtelé personnalisé, sac en velours côtelé brodé, cadeau de Noël, cadeau d'anniversaire, cadeau pour demoiselle d'honneur, sac cadeau personnalisé, cadeau pour elle",4.9044,3900,10.68,19.42,45.0
https://www.etsy.com/fr/listing/4301871513/sac-fourre-tout-en-toile-personnalise,4301871513,"Sac fourre-tout en toile personnalisé, sac fourre-tout LOGO personnalisé, sac fourre-tout prénom, sac cadeau de demoiselle d'honneur, brodé avec initiales fourre-tout personnalisé, cadeau personnalisé",4.7483,7900,0.09,0.28,67.0
https://www.etsy.com/fr/listing/1836666545/tote-bag-petit-bazar-personnalise-ideal,1836666545,Tote Bag Petit Bazar Personnalisé - Idéal pour Cadeaux !,4.963,370,,,
https://www.etsy.com/fr/listing/4377096883/sac-fourre-tout-en-coton-matelasse-a,4377096883,Sac fourre-tout en coton matelassé à imprimé jungle fait main : cabas de voyage et de plage,4.931,29,23.4,52.0,55.0
https://www.etsy.com/fr/listing/1726212776/sac-cabas-en-jute-et-trousse,1726212776,Sac cabas en jute et trousse personnalisées / cadeau maîtresse / cadeau maman / idée cadeau pour elle,4.6798,767,,,
https://www.etsy.com/fr/listing/4410226304/sac-fourre-tout-personnalise-en-toile-de,4410226304,Sac fourre-tout personnalisé en toile de jute| Sac de demoiselle d'honneur personnalisé| Sac de plage à monogramme et illustration| Sac Bachelorette| Sac personnalisé pour toutes les occasions,4.9002,846,6.44,14.3,55.0
https://www.etsy.com/fr/listing/4391512625/fourre-tout-personnalise-en-velours,4391512625,Fourre-tout personnalisé en velours côtelé • Sac brodé • Fourre-tout prénom personnalisé • Cadeau de demoiselle d'honneur • Cadeau d'anniversaire • Pochette cadeau pour le réveillon de Noël • Cadeau pour elle,4.9501,2500,9.3,14.3,35.0
https://www.etsy.com/fr/listing/4387299123/sac-fourre-tout-en-coton-matelasse,4387299123,"Sac fourre-tout en coton matelassé : imprimé floral personnalisé, sac de plage bohème",4.7826,168,17.56,23.42,25.0
https://www.etsy.com/fr/listing/1785381490/tote-bag-personnalise-baleines-pour,1785381490,Tote bag personnalisé Baleines pour crèche ou ecole,4.9565,229,12.67,16.9,25.0
https://www.etsy.com/fr/listing/1412595572/sacs-fourre-tout-personnalises-pour,1412595572,"Sacs fourre-tout personnalisés pour femme, cadeaux de demoiselle d'honneur, cadeaux de fête nuptiale, cadeau de demoiselle d'honneur, cadeaux d'enterrement de vie de jeune fille",4.8201,3200,5.19,8.66,40.0
https://www.etsy.com/fr/listing/4407735551/sac-fourre-tout-en-velours-cotele-sac,4407735551,"Sac fourre-tout en velours côtelé, Sac fourre-tout personnalisé, Sac fourre-tout avec nom personnalisé, Sac fourre-tout indispensable au quotidien, Cadeaux de Noël, Cadeaux d'amis, Cadeaux Noël pour elle",4.9038,8100,10.8,15.43,30.0
https://www.etsy.com/fr/listing/1827567494/cabas-personnalise-nounoutote-bag-super,1827567494,Cabas personnalisé Nounou/tote bag super Nounou cœur terracotta /sac cabas nounou/sac nounou/cadeau noël nounou/fête des nounous/noël,4.8367,147,,,
https://www.etsy.com/fr/listing/4374771805/cabas-en-velours-cotele-brode,4374771805,"Cabas en velours côtelé brodé personnalisé — cadeau de demoiselle d'honneur, sac fourre-tout avec nom personnalisé, indispensable de tous les jours et week-end, cadeau de Noël pour elle",4.9058,12400,9.4,13.43,30.0
https://www.etsy.com/fr/listing/1818830105/sac-personnalise-nounoutote-bag-super,1818830105,sac  personnalisé Nounou/tote bag super Nounou cœur terracotta /sac cabas nounou/sac nounou/cadeau noël nounou/fête des nounous/noël,4.8726,1100,,,
https://www.etsy.com/fr/listing/4328537522/sac-fourre-tout-de-plage-personnalise,4328537522,"Sac fourre-tout de plage personnalisé : filet de nylon résistant au sable, écusson en cuir",4.7481,1100,2.89,5.78,50.0
https://www.etsy.com/fr/listing/1817786551/sac-fourre-tout-personnalise-en-toile-de,1817786551,"Sac fourre-tout personnalisé en toile de jute fleur de naissance, sac en toile de jute nom floral, sac fourre-tout de plage, cadeau de demoiselle d'honneur, cadeau d'anniversaire pour elle, cadeau de mariage",4.6942,273,3.41,6.82,50.0
https://www.etsy.com/fr/listing/4364180655/sac-fourre-tout-en-velours-cotele,4364180655,"Sac fourre-tout en velours côtelé personnalisé, sac en velours côtelé personnalisé, fourre-tout indispensable au quotidien, sac à bandoulière de voyage, cadeaux de Noël personnalisés, cadeau pour elle",4.9038,8100,11.8,16.86,30.0
https://www.etsy.com/fr/listing/1711792967/sac-fourre-tout-drole-de-chat-sac-fourre,1711792967,"Sac fourre-tout drôle de chat, sac fourre-tout chat, cadeau pour amoureux des chats, fourre-tout pour maman chat, sac fourre-tout mignon, sac en toile, sac esthétique, fourre-tout décontracté en toile, sac fourre-tout cadeau",4.8432,1300,10.82,43.28,75.0
https://www.etsy.com/fr/listing/1202249304/cabas-de-plage-weekend-vibes-grand-sac,1202249304,Cabas de plage Weekend Vibes - Grand sac de week-end en toile de coton,4.9277,20800,31.13,62.28,50.0
https://www.etsy.com/fr/listing/1757515934/sac-a-bento-surdimensionne-a-rayures,1757515934,Sac à bento surdimensionné à rayures colorées | Très grand sac de plage| Sac cabas réversible tissé à la main| Sac fourre-tout de voyage| Meilleur cadeau d'anniversaire,4.7732,902,34.08,48.69,30.0
https://www.etsy.com/fr/listing/4388013881/sac-fourre-tout-brode-personnalise-en,4388013881,Sac fourre-tout brodé personnalisé en toile de coton : cadeau de demoiselle d'honneur,4.8727,6500,9.47,27.05,65.0
https://www.etsy.com/fr/listing/1871603134/floral-tote-bag-flower-tote-bag-boho,1871603134,"Floral Tote Bag, Flower Tote Bag, Boho Botanical Print, Plant Lover Gift, Floral Gift, Cute Flower Tote, Wildflower Gift",4.9722,36,,,
https://www.etsy.com/fr/listing/1825286680/sac-fourre-tout-en-velours-cotele-doux-a,1825286680,"Sac fourre-tout en velours côtelé doux à double poche (marron foncé), sac à bandoulière pour femme, cadeau de rentrée, sac pour étudiant, fourre-tout pour livres de tous les jours",4.9,402,25.97,34.62,25.0
https://www.etsy.com/fr/listing/1712713774/tote-bag-fleuri-sac-cabas-personnalise,1712713774,tote bag fleuri /sac cabas personnalisé maîtresse/tote bag/sac personnalisable/sac de plage/cabas atsem/kit de survie cadeau noël  nounou,4.8726,1100,,,
https://www.etsy.com/fr/listing/1738069757/sac-fourre-tout-livre-personnalise-sac,1738069757,"Sac fourre-tout livre personnalisé, sac fourre-tout personnalisé livresque, idée cadeau livresque, idée cadeau pour amoureux des livres, joli cartable, sac esthétique, fourre-tout décontracté en toile",4.8432,1300,10.82,43.28,75.0
https://www.etsy.com/fr/listing/1582978202/sac-fourre-tout-fleur-mois-de-naissance,1582978202,"Sac fourre-tout fleur mois de naissance, sac fourre-tout en toile esthétique botanique, cadeau de mariée personnalisé, cadeau fourre-tout de demoiselle d'honneur, cadeau meilleur ami",4.9083,378,,,
https://www.etsy.com/fr/listing/4295019247/sac-fourre-tout-en-coton-uni-sac-en,4295019247,"Sac fourre-tout en coton uni Sac en toile promotionnel personnalisé en vrac pour les entreprises, les événements et les mariages",4.9701,72,6.42,8.57,25.0
https://www.etsy.com/fr/listing/1731834911/sac-cabas-avec-initiales-brodees-cabas,1731834911,Sac cabas avec initiales brodées : cabas personnalisé en toile de coton bio,4.8244,30500,9.83,13.11,25.0
https://www.etsy.com/fr/listing/1820041810/cabas-personnalise-mamietote-bag-super,1820041810,Cabas personnalisé mamie/tote bag super mamie cœur rouge/sac cabas mamie/sac mamie/cadeau noël mamie/fête des mamies/noël,4.8367,147,,,
https://www.etsy.com/fr/listing/1778506220/joli-sac-de-lautomne-sac-fourre-tout-de,1778506220,"Joli sac de l'automne, sac fourre-tout de la saison des citrouilles, sac fourre-tout livresques, sacs fourre-tout mignons, cadeau floral, sac fourre-tout mignon, idée cadeau personnalisé pour les amoureux de l'automne",4.8432,1300,7.23,28.94,75.0
https://www.etsy.com/fr/listing/1887676671/sac-fourre-tout-en-coton-personnalise,1887676671,"Sac fourre-tout en coton personnalisé avec logo - Grand sac en toile promotionnel personnalisé pour les entreprises, les événements, les mariages, 3 tailles disponibles",4.9043,1300,5.29,7.56,30.0
https://www.etsy.com/fr/listing/4391509233/fourre-tout-personnalise-en-velours,4391509233,Fourre-tout personnalisé en velours côtelé • Sac brodé • Fourre-tout personnalisé avec nom pour tous les jours • Cadeau de demoiselle d'honneur • Cadeau d'anniversaire • Cadeau de Noël • Cadeau pour elle,4.9501,2500,9.3,14.3,35.0
https://www.etsy.com/fr/listing/4402779812/cabas-en-velours-cotele-brode,4402779812,Cabas en velours côtelé brodé personnalisé|Sac fourre-tout personnalisé|Sac à bandoulière de voyage|Cadeaux de Noël personnalisés|Cadeau pour elle|Action de grâces,4.878,797,21.44,42.88,50.0
https://www.etsy.com/fr/listing/1876250238/sac-fourre-tout-en-toile-personnalise,1876250238,"Sac fourre-tout en toile personnalisé, sac fourre-tout personnalisé, sac fourre-tout avec nom, sac cadeau de demoiselle d'honneur, sac fourre-tout personnalisé brodé avec initiales, cadeau personnalisé",4.7673,1900,3.05,5.08,40.0
https://www.etsy.com/fr/listing/1289965137/tote-bag-prenom-personnalise-ideal-pour,1289965137,Tote Bag Prénom Personnalisé - Idéal pour Cadeaux !,4.963,370,,,
https://www.etsy.com/fr/listing/4390733252/sac-cabas-velours-tote-bag-vieux-rose,4390733252,Sac cabas velours Tote bag vieux rose,4.7778,157,46.75,55.0,15.0
https://www.etsy.com/fr/listing/4393269690/sac-fourre-tout-design-en-velours-cotele,4393269690,Sac fourre-tout design en velours côtelé premium - Sac fourre-tout en tissu de coton texturé café - Grande taille avec poche intérieure - Cadeau parfait pour elle,4.9091,47,25.71,73.46,65.0
https://www.etsy.com/fr/listing/1718157962/cabas-brode-avec-initiales-cabas-de,1718157962,Cabas brodé avec initiales : cabas de plage surdimensionné en toile de coton bio,4.8244,30500,15.64,20.86,25.0
https://www.etsy.com/fr/listing/4391147678/sac-personnalise-en-velours-cotele-sac-a,4391147678,"Sac personnalisé en velours côtelé, sac à bandoulière brodé, cadeaux de jeune fille, sacs fourre-tout de demoiselle d'honneur, sac monogramme personnalisé blanc 25102302",4.8871,1000,10.73,26.82,60.0
https://www.etsy.com/fr/listing/1077843136/cabas-avec-fleurs-brodees-o-fermeture,1077843136,Cabas avec fleurs brodées | Fermeture éclair et poches intérieures | Sac fourre-tout de demoiselle d'honneur | Mariage | cadeau pour elle | Cadeau des Fêtes | Noir et blanc,4.9539,6400,10.82,15.46,30.0
https://www.etsy.com/fr/listing/1818475771/cabas-personnalise-nounoutote-bag-super,1818475771,Cabas personnalisé Nounou/tote bag super Nounou cœur terracotta /sac cabas nounou/sac nounou/cadeau noël nounou/fête des nounous/noël,4.8726,1100,,,
https://www.etsy.com/fr/listing/1768854811/sac-fourre-tout-brode-personnalise,1768854811,"Sac fourre-tout brodé personnalisé, cadeau de demoiselle d'honneur, cadeau personnalisé, sac de plage, sac monogramme, sac fourre-tout en toile, sac de demoiselle d'honneur, cadeau pour elle 24072703",4.833,2800,10.71,21.42,50.0
https://www.etsy.com/fr/listing/4298229658/grand-sac-fourre-tout-en-denim-leger,4298229658,Grand sac fourre-tout en denim léger patchwork Grand sac à main en jean Grand sac à main en jean personnalisé recyclé,4.961,114,80.34,107.11,25.0
https://www.etsy.com/fr/listing/1864886162/sac-a-bandouliere-en-cuir-vintage,1864886162,Sac à bandoulière en cuir vintage : sacoche rustique avec bandoulière réglable,4.5843,100,38.95,97.38,60.0
https://www.etsy.com/fr/listing/1485807411/cabas-carre-grand-mere-cadeaux-style,1485807411,"Cabas carré grand-mère, cadeaux style hiver, sac à poignée, sac fait main au crochet pour femme, cadeaux des soldes du vendredi noir",4.9261,718,97.99,139.99,30.0
https://www.etsy.com/fr/listing/1364345239/tote-bag-avec-texte-personnalise-ideal,1364345239,Tote Bag avec Texte Personnalisé - Idéal pour Cadeaux !,4.963,370,,,
https://www.etsy.com/fr/listing/588253830/tote-bag-allez-tous-vous-faire-aimer,588253830,"Tote bag ""Allez tous vous faire aimer"" plusieurs modèles au choix Moutarde/Bordeaux/Turquoise/Bleu pétrole/écru/noir....",4.973,287,,,
https://www.etsy.com/fr/listing/1713081311/maxi-tote-bag-en-coton-double,1713081311,Maxi tote bag en coton doublé personnalisable – Grand sac porté épaule 38x42 cm – Plusieurs coloris disponibles,4.953,9000,17.5,25.0,30.0
https://www.etsy.com/fr/listing/4317172360/mignon-or-vintage-floral-imprime-abeille,4317172360,"Mignon or vintage floral imprimé abeille Cottagecore sac fourre-tout cadeau pour elle, boho rustique botanique insecte réutilisable épicerie Nature sac fourre-tout",4.8187,195,16.4,21.86,25.0
https://www.etsy.com/fr/listing/4297301134/tote-bag-personnalise-enseigner-cest,4297301134,tote bag personnalisé enseigner c'est changer une vie cadeau maitresse cadeau nounou cadeau atsem super maitresse super maitresse,4.8726,1100,,,
https://www.etsy.com/fr/listing/4343229007/tote-bag-en-coton-personnalisable-cadeau,4343229007,"Tote Bag en Coton Personnalisable - Cadeau Unique, Éco-Friendly et Réutilisable, Modèle Véhicules Alpha",4.9118,16700,,,
https://www.etsy.com/fr/listing/1755060473/grands-sacs-fourre-tout-en-toile-de,1755060473,"Grands sacs fourre-tout en toile de coton Sacs fourre-tout en coton naturel de qualité supérieure - Respectueux de l'environnement, idéaux pour l'impression et la décoration",4.9043,1300,6.05,8.65,30.0
https://www.etsy.com/fr/listing/1818893501/sac-fourre-tout-drole-de-poulet-de-noel,1818893501,"Sac fourre-tout drôle de poulet de Noël, poulets de vacances avec le sac de chapeaux de père Noël et de lumières, sac cadeau de Noël, sac de vacances de Noël, sac fourre-tout cadeau",4.8432,1300,10.82,43.28,75.0
https://www.etsy.com/fr/listing/4373936146/sac-fourre-tout-decole-brode,4373936146,Sac fourre-tout d'école brodé personnalisé avec fermeture à glissière-Sac fourre-tout en velours côtelé personnalisé-sac de travail-Sac fourre-tout essentiel en velours côtelé à fleurs259-2,4.988,83,10.42,20.83,50.0
https://www.etsy.com/fr/listing/1488372102/sac-fourre-tout-personnalise-en-coton,1488372102,Sac fourre-tout personnalisé en coton noir avec fermeture à glissière : impression du logo personnalisé,4.9298,1600,6.14,8.19,25.0
https://www.etsy.com/fr/listing/1754657704/sacs-fourre-tout-personnalises-sac,1754657704,Sacs fourre-tout personnalisés Sac fourre-tout brodé Cadeau de demoiselle d'honneur Sac de plage Sac monogramme Sac fourre-tout en toile Sac de demoiselle d'honneur 24072701,4.833,2800,10.71,21.42,50.0
https://www.etsy.com/fr/listing/4404164479/cabas-en-velours-cotele-brode,4404164479,"Cabas en velours côtelé brodé personnalisé, sac fourre-tout avec nom personnalisé, sac fourre-tout en velours côtelé, cadeau de demoiselle d'honneur, cadeau de Noël pour elle",4.7955,88,6.19,11.89,48.0
https://www.etsy.com/fr/listing/4392385257/sac-cabas-en-velours-cotele-personnalise,4392385257,"Sac cabas en velours côtelé personnalisé, sac en velours côtelé brodé, cadeau de Noël, cadeau pour les fêtes, cadeau d'anniversaire, cadeau de demoiselle d'honneur, sac week-end, cadeau pour elle",4.9044,3900,10.68,19.42,45.0
https://www.etsy.com/fr/listing/1892333542/fourre-tout-en-toile-personnalise-nom,1892333542,"Fourre-tout en toile personnalisé, nom brodé personnalisé, cadeau de demoiselle d'honneur, ruban gratuit inclus, sac fourre-tout personnalisé élégant et durable",4.8762,2800,11.52,28.81,60.0
https://www.etsy.com/fr/listing/1892866809/tote-bag-collegue-personnalise-cadeau,1892866809,"tote bag collègue personnalisé Cadeau collègue, tote bag collègue de travail, cadeau de départ collègue sac cabas personnalisé collègue",4.8367,147,,,
https://www.etsy.com/fr/listing/1093290162/tote-bag-femme-lettre-florale,1093290162,"Tote Bag Femme Lettre Florale Personnalisé en coton, Sac toile Cabas, Sac fourre-tout, Tote bag graphique",4.9419,4900,10.96,12.9,15.0
https://www.etsy.com/fr/listing/1716154949/sac-fourre-tout-boheme-a-fleurs-brodees,1716154949,"Sac fourre-tout bohème à fleurs brodées en marguerite beige naturel vert sauge | Motif lavande avec fermeture à glissière, cadeau parfait pour sa rentrée scolaire",4.9539,6400,28.13,40.19,30.0
https://www.etsy.com/fr/listing/1817076445/sac-fourre-tout-personnalisesac-fourre,1817076445,Sac fourre-tout personnalisé/sac fourre-tout dessin au trait/tote bag personnalisé/ sac cabas personnalisé cabas/sac tissus personnalisé,4.9565,52,,,
https://www.etsy.com/fr/listing/1038634813/storyteller-tote-bag-future-author-gift,1038634813,"Storyteller Tote Bag, Future Author Gift, New Writer, Best Selling Author, Writer Birthday gift, Gifts for Writers, Personalized Tote Bag",4.8857,4400,15.45,17.16,10.0
https://www.etsy.com/fr/listing/4322880306/custom-tote-bag-bulk-tote-bag-canvas,4322880306,"Custom Tote Bag, Bulk Tote Bag, Canvas Tote Bag, Customized Tote Bag, Custom Tote Shopper, Shopper Canvas,",4.9722,36,,,
https://www.etsy.com/fr/listing/1693590085/sac-fourre-tout-a-fleurs-noir-sac-fourre,1693590085,Sac fourre-tout à fleurs noir - Sac fourre-tout noir - Sac à bandoulière noir Fleurs - Sac de fleurs sauvages - Mini sac fourre-tout - Sac moyen - Grand sac fourre-tout Fleurs,4.75,19,23.1,33.0,30.0
https://www.etsy.com/fr/listing/4319312890/fourre-tout-en-toile-personnalise-avec,4319312890,Fourre-tout en toile personnalisé avec broderie/Design personnalisé pour femme/Grande capacité pour l'essentiel/Parfait pour le travail/voyages et shopping,4.6868,2400,7.56,25.21,70.0
https://www.etsy.com/fr/listing/4340956996/sac-fourre-tout-personnalise-sac-fourre,4340956996,"Sac fourre-tout personnalisé, sac fourre-tout en toile, sac fourre-tout en toile brodé, cadeau de douche nuptiale, cadeau pour elle, cadeau de demoiselle d'honneur, cadeau personnalisé, cadeau d'anniversaire",4.9578,166,6.9,15.32,55.0
https://www.etsy.com/fr/listing/1894302627/sac-fourre-tout-personnalise-en-toile-de,1894302627,"Sac fourre-tout personnalisé en toile de jute, sac fourre-tout papillon, sac en jute avec nom personnalisé, cadeau de demoiselle d'honneur, cadeau d'anniversaire pour elle, cadeau de mariage, fête des mères",4.6942,273,3.62,7.25,50.0
https://www.etsy.com/fr/listing/1745966552/sacs-de-plage-personnalises-sacs-cadeaux,1745966552,"Sacs de plage personnalisés, sacs cadeaux de demoiselle d'honneur et écharpe monogramme, sacs de demoiselle d'honneur personnalisés, sacs-cadeaux cabas en toile de jute pour elle",4.8606,3100,7.0,10.0,30.0
https://www.etsy.com/fr/listing/982820751/fourre-tout-market-en-toile-personnalise,982820751,Fourre-tout Market en toile personnalisé | fourre-tout en toile à monogramme | Toile de coton et cuir pleine fleur | Sac de voyage en toile réutilisable | Fabriqué aux États-Unis,4.8941,32600,41.91,55.88,25.0
https://www.etsy.com/fr/listing/4363447940/sac-fourre-tout-personnalise-cadeau-de,4363447940,"Sac fourre-tout personnalisé, cadeau de demoiselle d'honneur, sacs à main de plage, sac fourre-tout en toile brodée, fourre-tout texte personnalisé, cadeaux EVJF, cartable, cadeau pour elle",4.8349,2300,1.15,1.82,37.0
https://www.etsy.com/fr/listing/4402869416/cabas-personnalise-en-velours-cotele,4402869416,"Cabas personnalisé en velours côtelé brodé, sac fourre-tout personnalisé, cadeau de demoiselle d'honneur, cadeau pour elle, sac de voyage, cadeau bachelorette, cadeau de Noël",4.7895,1300,5.9,9.84,40.0
https://www.etsy.com/fr/listing/1570277456/fourre-tout-floral-delight-o-design-noir,1570277456,"fourre-tout Floral Delight | Design noir et beige élégant avec fleurs violettes | Parfait pour le travail, l'école, le chic de tous les jours | Cadeau pour elle",4.9539,6400,22.72,32.46,30.0
https://www.etsy.com/fr/listing/1404609688/tote-stuff-personnalise-sac-a-provisions,1404609688,TOTE STUFF PERSONNALISÉ - Sac à provisions personnalisé | fourre-tout en toile | Cabas en coton | Sac personnalisé | Ajoutez votre texte | Cadeau personnalisé,4.9277,18100,,,
https://www.etsy.com/fr/listing/4331950210/sac-cadeau-fourre-tout-personnalise-sacs,4331950210,"Sac cadeau fourre-tout personnalisé, sacs de plage personnalisés, sac de demoiselle d'honneur, sac cadeau de mariage, sac EVJF, cadeau sac en toile de jute, cadeau nuptiale",4.8306,124,1.67,5.55,70.0
https://www.etsy.com/fr/listing/4395634977/sac-fourre-tout-personnalise-cadeau-de,4395634977,"Sac fourre-tout personnalisé, cadeau de demoiselle d'honneur, sac fourre-tout en toile brodée, fourre-tout texte personnalisé, cadeau EVJF, sac de plage, sac fourre-tout prénom, cadeau pour elle",4.7861,2000,1.04,1.89,45.0
https://www.etsy.com/fr/listing/4308622040/sac-fourre-tout-rembourre-floral-fait,4308622040,"Sac fourre-tout rembourré floral fait main, sac de voyage en coton, cadeau de Noël",4.973,1000,32.0,40.0,20.0
https://www.etsy.com/fr/listing/1732972513/sac-fourre-tout-fourth-wing-sac-en-toile,1732972513,"Sac fourre-tout Fourth Wing, sac en toile Basgiath War College, cavalier de dragon, sac fourre-tout livresques\ quadrant cavaliers, lecteur de fantaisie",4.8432,1300,7.23,28.94,75.0
https://www.etsy.com/fr/listing/1843456488/tote-bag-personnalise-modele-cheval-tote,1843456488,"Tote bag personnalisé, modèle cheval , tote bag BOHO , sac en toile personnalisable",4.9016,1300,,,
https://www.etsy.com/fr/listing/1645475828/tote-bag-avec-initiales-brodees-cabas,1645475828,Tote bag avec initiales brodées : cabas personnalisé en toile de coton bio,4.8244,30500,16.97,22.63,25.0
https://www.etsy.com/fr/listing/1796452035/sac-fourre-tout-en-toile-brode,1796452035,Sac fourre-tout en toile brodé personnalisé : sac cabas avec logo personnalisé,4.833,2800,7.56,15.13,50.0
https://www.etsy.com/fr/listing/4319311950/sac-fourre-tout-avec-logo,4319311950,Sac fourre-tout avec LOGO personnalisé/Sac fourre-tout en toile personnalisé/Sac fourre-tout avec nom/Sac cadeau de demoiselle d'honneur/Broderie avec initiales brodées/Cadeau personnalisé,4.6868,2400,7.56,25.21,70.0
https://www.etsy.com/fr/listing/1718345570/cabas-oversize-brode-en-coton-bio-sac,1718345570,Cabas oversize brodé en coton bio : sac week-end personnalisé,4.8244,30500,20.1,26.8,25.0
https://www.etsy.com/fr/listing/1727876879/sac-cabas-xxl-personnalise-en-coton,1727876879,"Sac cabas XXL personnalisé en coton - Grand sac de plage, idée cadeau original fête des mères",4.975,214,23.92,29.9,20.0
https://www.etsy.com/fr/listing/1869894951/cabas-fleuri-mamiesac-cabas-tote-bag,1869894951,Cabas fleuri Mamie/sac cabas/ tote bag /cabas jute mamie/personnalisable/cabas fête des grands mères/cabas fête des mamie/le jardin de mamie,4.8726,1100,,,
https://www.etsy.com/fr/listing/825613481/sac-fourre-tout-reversible-en-lin-miel,825613481,Sac fourre-tout réversible en lin miel pour les jours de marché | Broderie en option,4.8445,3500,42.3,94.0,55.0
https://www.etsy.com/fr/listing/4367415140/sac-fourre-tout-en-nylon-matelasse-brode,4367415140,Sac fourre-tout en nylon matelassé brodé personnalisé Grand sac à bandoulière personnalisé pour femme Cadeau pour elle,4.8,25,14.86,49.53,70.0
https://www.etsy.com/fr/listing/1875680562/sacs-fourre-tout-personnalises-en-toile,1875680562,"Sacs fourre-tout personnalisés en toile, cadeaux de demoiselle d'honneur, sac de fête nuptiale, cadeau EVJF, cadeau rose personnalisé sac fourre-tout de demoiselle d'honneur pour elle",4.8462,34200,4.33,10.82,60.0
https://www.etsy.com/fr/listing/4392372136/sac-cabas-en-velours-cotele-personnalise,4392372136,"Sac cabas en velours côtelé personnalisé, sac en velours côtelé brodé, cadeau de Noël, cadeau pour les fêtes, cadeau d'anniversaire, cadeau pour une demoiselle d'honneur, sac de tous les jours, cadeau pour elle",4.9044,3900,10.68,19.42,45.0
https://www.etsy.com/fr/listing/1059696359/sac-cabas-en-velours-cotele-interieur,1059696359,"Sac cabas en velours côtelé intérieur fleuri avec poche et fermeture/ velvet tote bag, made in France",4.988,413,,,
https://www.etsy.com/fr/listing/1604657241/sac-de-plage-personnalise-raye-en-coton,1604657241,"Sac de plage personnalisé rayé en coton - Fête des mères, cadeau pour elle, cadeau pour maman, sac pour les vacances",4.975,214,20.0,25.0,20.0
https://www.etsy.com/fr/listing/4352195026/sac-cabas-en-toile-personnalise-sac,4352195026,"Sac cabas en toile personnalisé, sac cabas brodé, cadeau de mariage, cadeau d'anniversaire, cadeau de Noël, cadeau de demoiselle d'honneur, sac monogramme, cadeau pour elle",4.9044,3900,15.09,27.44,45.0
https://www.etsy.com/fr/listing/1836512209/cabas-personnalise-mamietote-bag-super,1836512209,Cabas personnalisé mamie/tote bag super mamie poule et ses poussins /sac cabas mamie/sac mamie/cadeau noël mamie/fête des mamies/noël,4.8367,147,,,
https://www.etsy.com/fr/listing/1866128863/sac-fourre-tout-en-toile-de-coton-just-a,1866128863,Sac fourre-tout en toile de coton Just a Girl Who Loves Books Cadeau pour amoureux des livres Sac à slogan amusant Design rétro vintage,4.776,1100,18.58,24.77,25.0
https://www.etsy.com/fr/listing/4350797686/sac-cabas-matelasse-kantha-fait-main-sac,4350797686,Sac cabas matelassé Kantha fait main : sac cabas réversible en velours et coton,4.8611,36,49.51,61.89,20.0
https://www.etsy.com/fr/listing/4379104299/sac-fourre-tout-chat-orange-brode-sac-a,4379104299,Sac fourre-tout chat orange brodé : sac à bandoulière chaton en coton bio,5.0,78,35.7,47.6,25.0
https://www.etsy.com/fr/listing/1273297914/sac-cabas-o-grand-sac-cabas-o-sac,1273297914,"Sac cabas | Grand sac cabas | sac personnalisé | cadeau femme ,idée cadeau, sac personnalisé original | nounou | atsem | mamie | maman",4.8695,3500,,,
https://www.etsy.com/fr/listing/1501395660/sac-fourre-tout-surdimensionne,1501395660,"Sac fourre-tout surdimensionné personnalisé en toile de coton : plage, voyage, shopping",4.9655,1100,43.12,47.91,10.0
https://www.etsy.com/fr/listing/1781537878/sac-fourre-tout-en-tissu-kente-sac,1781537878,Sac fourre-tout en tissu Kente Sac héritage africain Fourre-tout imprimé africain Fourre-tout design Kente audacieux Sac du mois de l'histoire des noirs Sac à motif Kente,5.0,45,21.1,32.46,35.0
https://www.etsy.com/fr/listing/1771687444/cabas-personnalise-en-coton-sac-coton,1771687444,"Cabas Personnalisé en coton, Sac coton , Sac fourre-tout, Sac prénom",4.9419,4900,12.66,14.9,15.0
https://www.etsy.com/fr/listing/1833132301/sac-fourre-tout-en-toile-soleil-celeste,1833132301,Sac fourre-tout en toile Soleil céleste et lune : design astrologie cosmique,4.85,479,5.26,11.69,55.0
https://www.etsy.com/fr/listing/1806896553/sac-fourre-tout-en-coton-matelasse-grand,1806896553,Sac fourre-tout en coton matelassé : grand sac à provisions à imprimé floral,4.8405,531,27.59,36.79,25.0
https://www.etsy.com/fr/listing/1737782283/sac-fourre-tout-fleuri-pour-le-mois-de,1737782283,Sac fourre-tout fleuri pour le mois de naissance : cadeau personnalisé en toile de coton,4.9043,1300,8.81,12.58,30.0
https://www.etsy.com/fr/listing/1037724005/sac-hobo-lin-beige-anse-cuir-amovible,1037724005,"Sac hobo lin beige, anse cuir amovible / Sac seau femme, style sportswear / Sac fourre-tout toile, anse cuir ferme",4.9008,1400,,,
https://www.etsy.com/fr/listing/1766463856/sac-fourre-tout-personnalise-avec,1766463856,Sac fourre-tout personnalisé avec définition du nom : sac à provisions en coton personnalisé,4.9203,3700,,,
https://www.etsy.com/fr/listing/1737804584/sac-fourre-tout-personnalise-fait,1737804584,Sac fourre-tout personnalisé fait main/Cadeaux pour la fête des mères/Impression du sac en toile de jute de Mme/Cadeaux de proposition de demoiselle d'honneur personnalisés/Sac de plage en jute/Cadeau de demoiselle d'honneur,4.7559,9300,1.95,6.48,70.0
https://www.etsy.com/fr/listing/1729575523/sac-fourre-tout-brode-personnalise-en,1729575523,Sac fourre-tout brodé personnalisé en toile de coton bio,4.8244,30500,23.23,30.97,25.0
https://www.etsy.com/fr/listing/4373949437/sac-fourre-tout-en-velours-cotele-brode,4373949437,Sac fourre-tout en velours côtelé brodé personnalisé avec fermeture à glissière-Sac fourre-tout en velours côtelé tournesol-cartable-fourre-tout essentiel de tous les jours-sac en velours côtelé pour femme9-5,4.988,83,10.42,20.83,50.0
https://www.etsy.com/fr/listing/1656258963/grand-sac-fourre-tout-en-toile,1656258963,Grand sac fourre-tout en toile personnalisé avec logo - Sac à provisions en coton personnalisé - Cabas promotionnel réutilisable imprimé - Vente en gros,4.9298,1600,14.42,19.22,25.0
https://www.etsy.com/fr/listing/1861990314/sac-en-jute-personnalise-le-petit-bazar,1861990314,"Sac en jute personnalisé ""Le Petit Bazar de Mamie Chérie""- Cadeau mamie personnalisé, anniversaires mamie, Sac mamie, fête grands mères",4.7861,1300,16.0,20.0,20.0
https://www.etsy.com/fr/listing/1437884426/sac-en-cuir-sac-a-main-en-cuir-souple,1437884426,Sac en cuir Sac à main en cuir souple Sac hobo en cuir tressé Sac à dos tressé Sac à dos,4.8532,2800,198.0,264.0,25.0
https://www.etsy.com/fr/listing/1266208385/sac-fourre-tout-en-toile-personnalise,1266208385,"Sac fourre-tout en toile personnalisé : détails en cuir, grand sac de travail",4.818,1500,37.86,75.72,50.0
https://www.etsy.com/fr/listing/1789723360/fourre-tout-en-jute-personnalise-o,1789723360,fourre-tout en jute personnalisé | Boîtes demoiselle d'honneur | sac à provisions réutilisable personnalisé | sacs de fête entre filles | sac cadeau personnalisé | cadeau personnalisé pour elle,4.9506,6800,12.86,14.29,10.0
https://www.etsy.com/fr/listing/1840591857/cabas-personnalise-mamietote-bag-super,1840591857,Cabas personnalisé mamie/tote bag super mamie cœur fleur/sac cabas mamie/sac mamie/cadeau noël mamie/fête des mamies/noël,4.8367,147,,,
https://www.etsy.com/fr/listing/1803668888/tote-bag-femme-leopard-sac-cabas-sac,1803668888,Tote Bag Femme Léopard - Sac cabas - Sac fourre-tout - Motifs léopard tendance - Maroquinerie - Sucre & Cannelle,4.8189,3200,,,
https://www.etsy.com/fr/listing/4401179287/sac-cabas-de-voyage-en-coton-matelasse,4401179287,Sac cabas de voyage en coton matelassé fait main à imprimé floral,4.931,29,23.4,52.0,55.0
https://www.etsy.com/fr/listing/1113032323/sac-fourre-tout-en-velours-cotele-souple,1113032323,"Sac fourre-tout en velours côtelé souple à double poche (moutarde), sac à bandoulière pour femme, cadeau de rentrée, sac pour étudiant, fourre-tout pour livres de tous les jours",4.9,402,25.97,34.62,25.0
https://www.etsy.com/fr/listing/1853167366/sac-personnalise-mamie-tote-bag-super,1853167366,sac personnalisé mamie/ tote bag super mamie cœur terracotta /sac cabas mamie/sac mamie/cadeau noël mamie/fête des grands mères/noël,4.8726,1100,,,
https://www.etsy.com/fr/listing/4391785450/sac-en-velours-cotele-brode-sac-fourre,4391785450,"Sac en velours côtelé brodé, Sac fourre-tout à fermeture éclair, EVJF, Cadeaux de fête de mariage, Sacs fourre-tout personnalisés, Monogramme de sac à bandoulière 25102401",4.8871,1000,10.73,26.82,60.0
https://www.etsy.com/fr/listing/4398055353/fourre-tout-personnalise-en-velours,4398055353,Fourre-tout personnalisé en velours côtelé • Sac brodé • Fourre-tout personnalisé avec nom pour tous les jours • Cadeau de demoiselle d'honneur • Cadeau d'anniversaire • Cadeau de Noël • Cadeau pour elle,4.9501,2500,9.3,14.3,35.0
https://www.etsy.com/fr/listing/1835595365/mystical-folklore-unicorn-tapestry-tote,1835595365,"Mystical Folklore Unicorn Tapestry Tote Bag Whimsical Morris Inspired Medieval Cottagecore,Nfloral Woodland Fairycore Magical Art Accessory",4.9157,3200,42.94,61.36,30.0
https://www.etsy.com/fr/listing/4332633505/sac-fourre-tout-en-coton-a-fleurs-et,4332633505,"Sac fourre-tout en coton à fleurs et couleurs mélangées CPC, sac bohème réutilisable de 15 x 16 po. imprimé à la main pour femme | Épicerie, marché, temple, église, ordinateur portable",4.7879,410,40.48,54.7,26.0
https://www.etsy.com/fr/listing/1778571197/sac-fourre-tout-personnalise-en-toile-de,1778571197,"Sac fourre-tout personnalisé en toile de jute fleur de naissance, sac en toile de jute nom floral personnalisé pour elle, sac de soirée Bachelorette, sac fourre-tout de demoiselle d'honneur, cadeaux de demoiselle d'honneur",4.6942,273,1.98,3.96,50.0
https://www.etsy.com/fr/listing/1487173288/sac-de-courses-reutilisable-en-lin,1487173288,Sac de courses réutilisable en lin imprimé zèbre | Sac fourre-tout esthétique | Articles les plus vendus | Sac à bandoulière | Cadeau fait main,4.9286,93,33.75,45.0,25.0
https://www.etsy.com/fr/listing/1732617793/sac-fourre-tout-aquarelle-de-fleurs,1732617793,"Sac fourre-tout aquarelle de fleurs sauvages, illustration de fleurs pressées et de graminées, fourre-tout en toile aquarelle florale",4.9043,1300,4.41,6.29,30.0
https://www.etsy.com/fr/listing/1245687004/or-floral-personnalise-nimporte-quel,1245687004,Or floral personnalisé n'importe quel cadeau de sac fourre-tout initial de lettre. Sac de courses. Imprimé personnalisé. 10 COULEURS. 100% Coton. Alphabet Nom Aquarelle,4.8,3100,8.57,11.43,25.0
https://www.etsy.com/fr/listing/4351299421/sac-fourre-tout-en-toile-avec-logo,4351299421,Sac fourre-tout en toile avec logo personnalisé : grand sac à provisions en coton réutilisable,4.9298,1600,14.42,19.22,25.0
https://www.etsy.com/fr/listing/4383410622/sac-fourre-tout-en-coton-matelasse-a,4383410622,Sac fourre-tout en coton matelassé à imprimé tigre fait main : cabas de voyage et de plage,4.931,29,23.4,52.0,55.0
https://www.etsy.com/fr/listing/1861107132/cabas-personnalise-en-coton-cadeau,1861107132,"Cabas Personnalisé en coton, Cadeau Marraine, Sac fourre-tout",4.9419,4900,12.66,14.9,15.0
https://www.etsy.com/fr/listing/1904398125/sac-cabas-mamancabas-cour-fleuri,1904398125,sac cabas maman/Cabas Cœur fleuri Maman/cabas jute maman/cabas maman personnalisable/cabas fête mères/cabas fête des mamans/maman,4.8367,147,,,
https://www.etsy.com/fr/listing/4359637088/cabas-en-toile-brodee-cadeau,4359637088,Cabas en toile brodée : cadeau personnalisé avec monogramme,4.833,2800,10.71,21.42,50.0
https://www.etsy.com/fr/listing/1741718472/sac-fourre-tout-personnalise-fleurs,1741718472,"Sac fourre-tout personnalisé fleurs sauvages, fourre-tout cadeau personnalisé, sac fourre-tout cadeau d'anniversaire, sac fourre-tout fleuri mignon, sac fourre-tout de demoiselle d'honneur, sac fourre-tout cadeau mignon",4.8432,1300,10.82,43.28,75.0
https://www.etsy.com/fr/listing/1678239507/tote-bag-crow-forestcore-aesthetic-boho,1678239507,Tote Bag Crow Forestcore Aesthetic | Boho Cottagecore Accessory William Morris Inspired Handbag Satchel Fairycore Gift for Bestfriend |,4.8862,8100,42.94,61.36,30.0
https://www.etsy.com/fr/listing/1256784960/sac-fourre-tout-en-toile-a-fleurs,1256784960,"Sac fourre-tout en toile à fleurs brodées, grand sac à main avec fermeture à glissière, cadeau d'anniversaire pour elle",4.8649,446,69.72,92.96,25.0
https://www.etsy.com/fr/listing/1741530724/sac-fourre-tout-personnalise-en-toile-de,1741530724,Sac fourre-tout personnalisé en toile de jute : cadeau monogramme fleur de naissance,4.7158,1600,5.18,8.64,40.0
https://www.etsy.com/fr/listing/1816467923/sac-a-bandouliere-en-lino-sac-fourre,1816467923,Sac à bandoulière en lin| Sac fourre-tout en lin| Sac à bandoulière| Sac réutilisable| Sac coloré| Sac à provisions en lin| Articles les plus vendus| Accessoires de voyage,4.9286,93,33.75,45.0,25.0
https://www.etsy.com/fr/listing/1099099938/sac-fourre-tout-en-velours-cotele-souple,1099099938,"Sac fourre-tout en velours côtelé souple à double poche (olive), sac à bandoulière pour femme, cadeau de rentrée, sac pour étudiant, fourre-tout pour livres de tous les jours",4.9,402,25.97,34.62,25.0
https://www.etsy.com/fr/listing/1706514607/sac-fourre-tout-fleurs-et-livres-sac,1706514607,"Sac fourre-tout fleurs et livres, sac fourre-tout en coton à fleurs, sac fourre-tout livresques, fourre-tout pour pile de livres, cadeau pour femme, sac cadeau d'anniversaire, sac pour la vie",4.9354,644,,,
https://www.etsy.com/fr/listing/1805200485/tote-bag-personnalise-bols-bretons,1805200485,Tote bag personnalisé bols bretons,4.9565,229,12.67,16.9,25.0
https://www.etsy.com/fr/listing/1760261539/cabas-en-toile-brodee-sac-de-plage,1760261539,Cabas en toile brodée : sac de plage personnalisé à monogramme,4.8244,30500,12.95,17.27,25.0
https://www.etsy.com/fr/listing/4370654882/sac-cabas-en-velours-cotele-marron-grand,4370654882,Sac cabas en velours côtelé marron – grand tote bag fleuri,4.9268,53,,,
https://www.etsy.com/fr/listing/4301084313/mini-sac-fourre-tout-brode-personnalise,4301084313,Mini sac fourre-tout brodé personnalisé (PRÉCOMMANDE EXPÉDITION LE 28 OCTOBRE),5.0,14,,,
https://www.etsy.com/fr/listing/1882058449/sac-fourre-tout-wayward-herd-design,1882058449,"Sac fourre-tout Wayward Herd : design artistique original, sac en toile respectueux de l'environnement",4.8816,1200,22.66,45.32,50.0
https://www.etsy.com/fr/listing/621687382/sac-en-lin-sac-fourre-tout-en-toile-sac,621687382,"Sac en lin, sac fourre-tout en toile, sac végétalien, sac de plage, sac fourre-tout en lin / LT0005",4.7473,4600,,,
https://www.etsy.com/fr/listing/1219000921/sac-fourre-tout-en-toile-de-coton-avec,1219000921,Sac fourre-tout en toile de coton avec logo personnalisé - Cabas promotionnel personnalisé,4.9277,20800,4.06,8.11,50.0
https://www.etsy.com/fr/listing/1340063749/sac-fourre-tout-brode,1340063749,Sac fourre-tout brodé personnalisé/Couleurs personnalisées/Cadeau de broderie personnalisé/100% coton/Respectueux de l'environnement/Sac fourre-tout en toile personnalisé/Cadeau d'anniversaire,4.9353,355,23.11,25.97,11.0
https://www.etsy.com/fr/listing/1859709665/sac-fourre-tout-personnalise-sur-le,1859709665,"Sac fourre-tout personnalisé sur le thème de Londres - Sac en toile avec prénom personnalisé, design britannique emblématique",4.9043,1300,4.41,6.29,30.0
https://www.etsy.com/fr/listing/1660775514/dear-diary-boho-chic-sac-fourre-tout,1660775514,DEAR DIARY - Boho Chic : sac fourre-tout d'inspiration vintage - Tendance - Article le plus populaire - Élégant - Article le plus vendu - Idées cadeaux - Boho,5.0,2,14.59,16.21,10.0
https://www.etsy.com/fr/listing/1113029427/sac-fourre-tout-en-velours-cotele-souple,1113029427,"Sac fourre-tout en velours côtelé souple à double poche (bordeaux), sac à bandoulière pour femme, cadeau de rentrée, sac pour étudiant, fourre-tout pour livres de tous les jours",4.9,402,25.97,34.62,25.0
https://www.etsy.com/fr/listing/4344821768/maxi-tote-bag-en-coton-design-maison,4344821768,Maxi tote bag en coton design Maison LaRoseDubois doublé personnalisable – Grand sac porté épaule 38x42 cm – Plusieurs coloris disponibles,4.953,9000,17.5,25.0,30.0
https://www.etsy.com/fr/listing/1421184838/tote-bag-avec-texte-personnalise-ideal,1421184838,Tote Bag avec Texte Personnalisé - Idéal pour Cadeaux !,4.963,370,,,
https://www.etsy.com/fr/listing/4314895784/sac-fourre-tout-chat-furtif-sac-fourre,4314895784,"Sac fourre-tout chat furtif - Sac fourre-tout en toile de coton, amoureux des chats, sac cabas réutilisable, cadeau pour amoureux des chats, cadeau pour elle, minou, sac pour la vie, chat noir",4.9277,18100,,,
https://www.etsy.com/fr/listing/1659650119/cabas-en-toile-avec-initiales-brodees,1659650119,Cabas en toile avec initiales brodées - Cabas bateau personnalisé en coton bio,4.8244,30500,16.97,22.63,25.0
https://www.etsy.com/fr/listing/855154507/sac-a-provisions-en-lin-en-citrine-et,855154507,Sac à provisions en lin en Citrine et autres couleurs * Sac de marché en lin *Sac à main en lin *Lin européen lavé * Tissage à chevrons Lara,4.8845,13400,,,
https://www.etsy.com/fr/listing/4348242945/sac-fourre-tout-personnalise-fleur-de,4348242945,Sac fourre-tout personnalisé fleur de naissance : sac à bandoulière oversize en toile,4.9043,133,26.43,37.75,30.0
https://www.etsy.com/fr/listing/1574067774/sac-fourre-tout-magique-livre-lapins,1574067774,"Sac fourre-tout magique livre lapins - Cottagecore, sac fourre-tout mignon, lapins mignons, lapins rigolos, noyau de lapin, sac fourre-tout lapin, animal mignon fourre-tout",4.9597,290,17.57,27.04,35.0
https://www.etsy.com/fr/listing/1882984727/funny-tote-bag-drama-funny-tote-bag,1882984727,"Funny Tote Bag, Drama Funny Tote Bag, Graphic Tote Bags, Weird Crazy Design, Cute Tote Bag, Funny Tote Bag for Friend",4.9722,36,,,
https://www.etsy.com/fr/listing/1778268759/sac-fourre-tout-retro-winnie-lourson-sac,1778268759,"Sac fourre-tout rétro Winnie l'ourson, sac fourre-tout Winnie l'ourson et ses amis, cadeau sac fourre-tout, sac fourre-tout mignon, sac fourre-tout décontracté Disney, sac cadeau amoureux de l'ourson",4.8432,1300,7.23,28.94,75.0
https://www.etsy.com/fr/listing/1468756260/sac-fourre-tout-personnalise-avec,1468756260,"Sac fourre-tout personnalisé avec fermeture éclair, sac fourre-tout floral brodé marguerite, sac à main fait main, sac fourre-tout esthétique à fleurs",4.8687,1200,9.12,12.16,25.0
https://www.etsy.com/fr/listing/4329619136/si-jamais-il-y-a-un-lendemain-ou-nous-ne,4329619136,Si jamais il y a un lendemain où nous ne sommes pas ensemble... Sac fourre-tout Winnie l'ourson Cadeau de l'amitié meilleur ami Citation inspirante Sac en toile,4.8665,824,6.54,11.89,45.0
https://www.etsy.com/fr/listing/1837160339/sac-fourre-tout-en-coton-fleurs-sauvages,1837160339,Sac fourre-tout en coton fleurs sauvages paon : sac en toile écologique,4.9701,72,8.03,10.71,25.0
https://www.etsy.com/fr/listing/4303667940/fourre-tout-en-velours-cotele-ours-en,4303667940,Fourre-tout en velours côtelé ours en peluche - Adorable sac à bandoulière imprimé avec fermeture magnétique et poches intérieures Doublure en toile douce | Beige Rose Bleu Crème,4.9539,6400,21.64,30.91,30.0
https://www.etsy.com/fr/listing/1331210769/sac-en-jute-personnalise-avec-prenom-o,1331210769,"Sac en jute personnalisé avec prénom | Idée cadeau pour Elle, Maman, Mamie, Maîtresse, nounou | Sac de course | Cabas plage en Toile de jute",4.8636,545,11.77,14.9,21.0
https://www.etsy.com/fr/listing/4327691717/sac-fourre-tout-en-toile-de-coton-a,4327691717,Sac fourre-tout en toile de coton à rayures : sac de plage chic côtier,5.0,102,45.0,60.0,25.0
https://www.etsy.com/fr/listing/1036469325/storyteller-tote-bag-future-author-gift,1036469325,"Storyteller Tote Bag, Future Author Gift, New Writer, Best Selling Author, Writer Birthday gift, Gifts for Writers, Personalized Tote Bag",4.8857,4400,15.45,17.16,10.0
https://www.etsy.com/fr/listing/1247725309/sac-fourre-tout-noir-personnalise-en,1247725309,Sac fourre-tout noir personnalisé en vrac avec logo - Sac cabas personnalisé - Marchandise en toile de coton noire - Cabas promotionnel pour événement,4.9298,1600,4.77,6.37,25.0
https://www.etsy.com/fr/listing/4377797386/sac-fourre-tout-en-velours-cotele-brode,4377797386,Sac fourre-tout en velours côtelé brodé personnalisé avec fermeture à glissière - Sac fourre-tout en velours côtelé personnalisé avec texte - Cartable - Sac fourre-tout indispensable au quotidien - Sac à monogramme nom 9-8,4.988,83,10.42,20.83,50.0
https://www.etsy.com/fr/listing/1813865754/sac-en-cuir-sacs-a-main-pour-femme-sac-a,1813865754,"Sac en cuir, Sacs à main pour femme Sac à bandoulière souple Daniela",4.8532,2800,180.0,240.0,25.0
https://www.etsy.com/fr/listing/4363610540/sac-fourre-tout-personnalise-en-velours,4363610540,"Sac fourre-tout personnalisé en velours côtelé, fourre-tout personnalisé pour tous les jours, sac bandoulière de voyage, sac à bandoulière pour femme, cadeau pour elle, cadeaux de Noël personnalisés",4.9038,8100,10.8,15.43,30.0
https://www.etsy.com/fr/listing/1722966700/sac-fourre-tout-drole-de-chat-je-deteste,1722966700,"Sac fourre-tout drôle de chat, je déteste le sac fourre-tout des gens du matin, cadeau pour amoureux des chats, sac fourre-tout mignon, sac en toile, sac esthétique, fourre-tout en toile décontracté, sac fourre-tout cadeau",4.8432,1300,7.23,28.94,75.0
https://www.etsy.com/fr/listing/1804262488/tote-bag-personnalise-nounoucabas,1804262488,tote bag personnalisé Nounou/cabas Merveilleuse Nounou /sac cabas nounou/sac nounou/cadeau noël nounou/fête des nounous/noël,4.8726,1100,,,
https://www.etsy.com/fr/listing/1833718800/tote-bag,1833718800,Tote bag,4.9808,169,,,
https://www.etsy.com/fr/listing/1892522685/sac-fourre-tout-en-velours-cotele-fleuri,1892522685,Sac fourre-tout en velours côtelé fleuri brodé : sac à bandoulière doux au quotidien,4.9539,6400,20.56,29.37,30.0
https://www.etsy.com/fr/listing/1754773656/grands-sacs-fourre-tout-en-toile-bio,1754773656,"Grands sacs fourre-tout en toile bio avec poignées, sac fourre-tout vierge réutilisable en tissu, sac fourre-tout vierge, coton beige",4.8391,358,4.05,5.4,25.0
https://www.etsy.com/fr/listing/1660657042/sac-cabas-matelasse-boheme-chic-tissu,1660657042,"Sac cabas matelassé bohème chic, tissu batik Bali, tote bag fleuri prune rose",4.9653,386,,,
https://www.etsy.com/fr/listing/1819626236/tote-bag-personnalise-collegue-de,1819626236,Tote bag personnalisé Collègue de Travail /Cadeau collègue /cadeau départ retraite /cadeau noël collègue/ cabas collègue/ sac collègue,4.8367,147,,,
https://www.etsy.com/fr/listing/4375382430/sac-fourre-tout-design-original-par,4375382430,"Sac fourre-tout, design original par Nadine A.S. Sac à dos pour le shopping, la plage, les cadeaux, les pique-niques, les indispensables artistiques",5.0,25,,,
https://www.etsy.com/fr/listing/1568620420/sac-fourre-tout-en-toile-de-coton-avec,1568620420,"Sac fourre-tout en toile de coton avec logo personnalisé, sac promotionnel personnalisé",4.9277,20800,4.06,8.11,50.0
https://www.etsy.com/fr/listing/1501388484/sac-fourre-tout-surdimensionne-en-toile,1501388484,"Sac fourre-tout surdimensionné en toile avec texte personnalisé : grand sac cabas, sac de week-end, fourre-tout",4.9655,1100,43.12,47.91,10.0
https://www.etsy.com/fr/listing/4337857383/sac-fourre-tout-en-toile-brodee-sac-a,4337857383,"Sac fourre-tout en toile brodée, sac à main de plage zippé personnalisé",4.8784,74,6.92,17.31,60.0
https://www.etsy.com/fr/listing/4313423014/sac-fourre-tout-un-livre-par-jour,4313423014,"Sac fourre-tout « Un livre par jour éloigne la réalité », cadeaux littéraires, sac pour club de lecture, produits dérivés de livres fantastiques, cadeau pour lecteur, sac pour amoureux des livres fantastiques",4.948,919,12.95,18.5,30.0
https://www.etsy.com/fr/listing/4306287376/tote-bag-et-pochon-kit-survie,4306287376,tote bag et pochon kit survie personnalisé fleuri cadeau maîtresse cadeau nounou cadeau atsem super maitresse sac plage vacance cadeau noël,4.8367,147,,,
https://www.etsy.com/fr/listing/1744997790/sac-fourre-tout-en-toile-brodee-ciao-sac,1744997790,Sac fourre-tout en toile brodée Ciao : sac shopping italien Hello en coton,4.8655,152,13.52,18.02,25.0
https://www.etsy.com/fr/listing/4396272507/cabas-en-velours-cotele-brode,4396272507,"Cabas en velours côtelé brodé personnalisé, cadeau de demoiselle d'honneur, sac à main avec nom personnalisé pour indispensable de tous les jours et week-end, cadeau de Noël, voyage vacances",4.7603,6600,3.89,10.8,64.0
https://www.etsy.com/fr/listing/1889805939/sac-fourre-tout-a-fleurs-brodees-sac-a,1889805939,Sac fourre-tout à fleurs brodées : sac à main bohème vert sauge et beige,4.9539,6400,28.13,40.19,30.0
https://www.etsy.com/fr/listing/1804629550/sac-personnalise-nounoutote-bag-super,1804629550,sac personnalisé Nounou/tote bag super Nounou cœur terracotta /sac cabas nounou/sac nounou/cadeau noël nounou/fête des nounous/noël,4.8726,1100,,,
https://www.etsy.com/fr/listing/1873405770/sac-cabas-marrainecabas-cour-fleuri,1873405770,sac cabas marraine/Cabas Cœur fleuri marraine/cabas jute /cabas marraine personnalisable/tote bag personnalisé marraine,4.8726,1100,,,
https://www.etsy.com/fr/listing/1332454953/tote-bag-personnalise-mariage-tote-bag,1332454953,"Tote bag personnalisé mariage, tote bag evjf personnalisé, tote bag team bride, sac demoiselle d'honneur",4.9419,4900,10.96,12.9,15.0
https://www.etsy.com/fr/listing/4325536427/fourre-tout-en-velours-cotele-de-qualite,4325536427,"fourre-tout en velours côtelé de qualité supérieure | Marron gingembre bleu marine | Sac à bandoulière de tous les jours avec porte-bouteille, poche à fermeture éclair, bouton-pression magnétique | Retour à l'école",4.9539,6400,28.13,40.19,30.0
https://www.etsy.com/fr/listing/4365622930/sac-fourre-tout-personnalise-en-toile,4365622930,Sac fourre-tout personnalisé en toile brodée : sac personnalisé à fermeture éclair initiale,4.8,25,12.74,42.46,70.0
https://www.etsy.com/fr/listing/1774485495/sac-fourre-tout-brode-chaton-sac-en,1774485495,"Sac fourre-tout brodé chaton - Sac en toile mignon pour amoureux des chats, esthétique cottagecore, cadeau respectueux de l'environnement, sac à provisions réutilisable",4.9634,82,22.5,34.62,35.0
https://www.etsy.com/fr/listing/4403467595/cadeau-personnalise-maitressetote-bag,4403467595,Cadeau personnalisé Maîtresse/tote bag personnalisée maitresse/pochon maitresse/cadeau noël nounou/cadeau nounou/cadeau noël maitresse,4.8367,147,,,
https://www.etsy.com/fr/listing/1764909642/sac-fourre-tout-special-a-1-dollar-a,1764909642,"Sac fourre-tout spécial à 1 dollar, à bandoulière. PATRON PDF ET TUTORIEL avec vidéo YouTube, niveau débutant",4.8325,1400,,,
https://www.etsy.com/fr/listing/1886632401/tote-bag-personnalise-maman-sac-maman,1886632401,tote bag personnalisé maman /sac maman d'amour terracotta /sac cabas maman/sac maman/cadeau noël maman/fête des mères,4.8726,1100,,,
