product_title,product_url,product_url_full,product_id,product_txt,product_options,var_current_price,var_old_price,var_discount_percentage,currency,product_rating,txt_reviews,nbr_reviews,listed_date,product_description
"Sac cabas en velours c√¥tel√© personnalis√©, sac en velours c√¥tel√© brod√©, cadeau de No√´l, cadeau d&#39;anniversaire, cadeau pour demoiselle",https://www.etsy.com/listing/4392351544/,https://www.etsy.com/listing/4392351544/,4392351544,,[],10.18,18.51,45.00270124257158,EUR,5.0,Avis sur cet article (1),1,,"Le compagnon id√©al du quotidien : notre sac cabas personnalisable en velours c√¥tel√© ! R√©sistant, √©l√©gant et incroyablement polyvalent, il vous accompagne partout, que ce soit pour faire du shopping ou simplement faire vos courses. Plus qu&#39;un simple sac fourre-tout, c&#39;est aussi un cadeau attentionn√© pour les demoiselles d&#39;honneur, les anniversaires, la f√™te des M√®res, et bien plus encore. Alliant fonctionnalit√© et charme, ce sac cabas personnalis√© laissera un souvenir imp√©rissable √† vos proches !

‚úß Plusieurs couleurs disponibles ‚úß¬†: 5 couleurs de sac et 12 couleurs de fil au choix. Si vous souhaitez une autre couleur de fil, n&#39;h√©sitez pas √† me contacter et je ferai de mon mieux pour trouver la teinte qui vous convient. Vous pouvez √©galement consulter les suggestions de combinaisons de couleurs pr√©sent√©es dans mon annonce¬†!

‚úß Rangement parfait ‚úß
Longueur : 40 cm / 15,7 pouces
Hauteur : 33 cm / 13 pouces
Hauteur de la poign√©e : 30 cm / 11,8 po
Id√©al pour transporter votre iPad, votre parapluie, votre trousse de maquillage et vos essentiels du quotidien. Comprend une poche int√©rieure zipp√©e pour vos objets de valeur.

‚úß Style unique ‚úß : Personnalisez avec un nom ou des initiales ; id√©al pour offrir en cadeau √† de nombreuses occasions ; parfait pour tous ceux qui recherchent un sac fourre-tout mignon et pratique.

‚úß Garantie de satisfaction ‚úß : Des questions ? N&#39;h√©sitez pas √† nous contacter, nous serons ravis de vous aider.

üì¶ Vous achetez en gros¬†? Contactez-moi pour obtenir un code de r√©duction exclusif¬†! üòÑ"
"Sac fourre-tout en coton matelass√© : imprim√© floral personnalis√©, sac de plage boh√®me",https://www.etsy.com/listing/4387299123/,https://www.etsy.com/listing/4387299123/,4387299123,,[],17.57,23.44,25.042662116040955,EUR,0.0,,0,,"üå∏ Sac matelass√© en coton √† imprim√© blocs brod√©s

Vous cherchez un sac aussi beau que pratique ? Notre sac matelass√© en coton brod√© fait main associe savoir-faire traditionnel et fonctionnalit√© de tous les jours. Chaque sac est soigneusement matelass√© √† la main et pr√©sente un superbe imprim√© artisanal, o√π chaque motif est estamp√© √† la main √† l&#39;aide de techniques s√©culaires, ce qui rend chaque pi√®ce vraiment unique en son genre.

Avec son motif floral vif, ses broderies d√©licates et sa structure spacieuse, ce sac √† main de style boh√®me est l√©ger, polyvalent et parfait pour toutes les occasions. Que vous alliez √† la plage, que vous voyagiez, que vous fassiez des courses ou m√™me que vous recherchiez un sac √† langer unique, ce fourre-tout est un compagnon √©l√©gant que vous chercherez encore et encore.

C&#39;est √©galement un cadeau significatif et unique pour les demoiselles d&#39;honneur, les anniversaires, les mariages ou les futures mamans. √Ä l&#39;int√©rieur, vous trouverez une doublure contrastante imprim√©e √† la main pour un d√©tail surprise.

Parfait pour :

‚óè F√™tes pr√©natales et nouvelles mamans (comme sac √† langer chic)
‚óè Demoiselles d&#39;honneur et mariages
‚óè Journ√©es √† la plage et voyages d&#39;√©t√©
‚óè Courses quotidiennes ou nuit√©es

Points forts du produit :

‚óè 100 % coton matelass√© avec doublure douce
‚óè Motif floral boh√®me imprim√© √† la main
‚óè Int√©rieur spacieux pour serviettes, v√™tements, couches et plus
‚óè Poches de rangement int√©rieures pour les petits objets essentiels
‚óè Fait main avec amour et soin

Pour passer une commande :

1. S√©lectionnez votre couleur pr√©f√©r√©e dans la liste d√©roulante.
2. Choisissez votre taille (petite, moyenne ou grande, avec ou sans fermeture √©clair).
3. Si vous choisissez la personnalisation, entrez vos coordonn√©es dans le champ ¬´ Ajoutez votre personnalisation ¬ª.

‚ö†Ô∏è Remarque : le motif de la doublure int√©rieure est floral et choisi par nos tailleurs. Si vous souhaitez s√©lectionner votre propre doublure, ajoutez simplement la fonction de mise √† niveau de la doublure √† votre panier (par sac)

Tailles :
Petit : 9&quot; x 9&quot; x 4,5&quot;
Moyenne : 14 x 14 po x 5,5 po
Grande : 18&quot; x 16&quot; x 5,5&quot;

Petit/Moyen/Grand - Sans fermeture √©clair (pas de fermeture √©clair)
Petit/Moyen/Grand - Zip W (avec fermeture √©clair)
Petit/Moyen/Large - Texte W/Sans fermeture √©clair (Avec texte/Sans fermeture √©clair)
Petit/Moyen/Grand - Texte avec fermeture √©clair (avec texte/avec fermeture √©clair)"
