product_id,product_title,old_price,discount_percentage,now_price,currency,listed_date,product_url,product_description,product_variation
4301871513,"Sac fourre-tout en toile personnalis√©, sac fourre-tout LOGO personnalis√©, sac fourre-tout pr√©nom, sac cadeau de demoiselle d'honneur, brod√© avec initiales fourre-tout personnalis√©, cadeau personnalis√©",,,0.26,USD,,https://www.etsy.com/fr/listing/4301871513/sac-fourre-tout-en-toile-personnalise?click_key=64716cf2-a405-43b1-9862-fb3ba959fcd0%3ALT37a67d097e52313b5cb6a90e51840863ca3a9935&click_sum=a59666cb&ls=s&ga_order=most_relevant&ga_search_type=all&ga_view_type=gallery&ga_search_query=tote+bag&ref=search_grid-911079-1-1&sr_prefetch=1&pf_from=search&pro=1&frs=1&pop=1&sts=1&content_source=64716cf2-a405-43b1-9862-fb3ba959fcd0%253ALT37a67d097e52313b5cb6a90e51840863ca3a9935,"Sacs fourre-tout personnalis√©s | Votre parfait compagnon de f√™te !‚ú®
Bienvenue dans notre boutique. Nous fabriquons √† la main une vari√©t√© de cadeaux personnalis√©s. Si vous √™tes toujours √† la recherche des articles de f√™te parfaits, vous √™tes au bon endroit, nous sommes s√ªrs que vous trouverez quelque chose de sp√©cial ici :)

Nos sacs fourre-tout personnalis√©s fabriqu√©s artisanalement allient fonctionnalit√© et charme personnalis√© - parfaits pour les anniversaires, les mariages ou pour une √©l√©gance de tous les jours. Chaque pi√®ce est fabriqu√©e √† la main avec amour pour raconter votre histoire unique.

Pourquoi vous allez adorer :

Qualit√© sup√©rieure : toile durable + doublure en polyester lisse (facile √† nettoyer !).

Adapt√© √† vos besoins : choisissez le texte √† broder + une √©tiquette volante ou un ruban gratuit (ajoutez votre s√©lection dans les commentaires lors du paiement !).

D√©tails bien pens√©s : fermeture √† glissi√®re s√©curis√©e + poign√©es renforc√©es pour une utilisation durable.

Options de cadeaux gratuits (1 par sac au choix) :

√âtiquettes volantes : rondes, carr√©es ou √©tiquette nominative

Ruban : ruban imprim√© (lettre et couleur fixes) ou ruban ordinaire

Offre sp√©ciale en gros :
Pour toute commande de 10 sacs fourre-tout ou plus, vous recevrez √©galement un √©ventail gratuit par sac !

üìê Proportions parfaites (mesur√©es √† la main) :
Taille du sac fourre-tout (M et L) :
Taille M :
Largeur du bas : 13,4 pouces/34 cm
Hauteur : 11,4 pouces/29 cm
Epaisseur : 5,5 pouces/14 cm
Hauteur de la poign√©e : 8,26 pouces/21 cm

Taille L :
Largeur du bas : 19,1 pouces/46 cm
Hauteur : 13,8 pouces/33 cm
Epaisseur : 7,1 pouces/17 cm
Hauteur de la poign√©e : 8,26 pouces/21 cm

üé® Couleur du sac : rouge, noir, kaki, vert, rose, bleu
Sac noir par d√©faut 2170 fils
Sac rouge par d√©faut 2314 fil
Sac kaki d√©faut 3401 fil
Fil vert par d√©faut 3226
Sac rose par d√©faut 2258 fils
Sac bleu par d√©faut 3625 fils

* Toutes les donn√©es sont mesur√©es manuellement √† titre indicatif, il y a une erreur de 1 √† 3 cm
* La doublure du sac est en polyester, veuillez ne pas passer de commande si cela vous d√©range

* La hauteur et la largeur du texte personnalis√© √©tant limit√©es, si le texte n'est pas long (en r√©f√©rence √† la largeur) mais que la hauteur d√©passe la limite lors de l'utilisation de la police 9, l'ensemble du texte sera r√©duit. La police 9 sera plus petite si elle est appliqu√©e √† certaines expressions (commen√ßant par J ou des lettres telles que C/S/L, se terminant par y/j/g/p/q ou des mots au milieu). Si cela vous d√©range, veuillez ne pas choisir la police 9.

* Le texte et la couleur ne peuvent pas √™tre modifi√©s apr√®s avoir pass√© la commande, veuillez confirmer clairement avant le paiement

Pour ce qui est de la personnalisation, nous adapterons le texte √† vos notes, veuillez donc faire attention √† l'utilisation des majuscules. Si le contenu personnalis√© n'est pas fourni, nous devrons vous contacter pour confirmation, ce qui peut retarder la production. Veuillez v√©rifier vos notes de personnalisation √† la caisse, merci !

Pour les commandes urgentes :
Si vous avez besoin d'une commande urgente (quelle que soit la date de livraison estim√©e), veuillez nous contacter imm√©diatement apr√®s avoir pass√© votre commande. Nous vous fournirons une estimation du temps et organiserons la production en cons√©quence. Notez qu'une fois la personnalisation commenc√©e, les commandes ne peuvent pas √™tre annul√©es. La production standard prend 5 √† 7 jours et la livraison prend g√©n√©ralement 2 √† 3 semaines. Pour toute question, n'h√©sitez pas √† nous contacter, nous sommes l√† pour vous aider !

Pr√™t √† cr√©er un souvenir qu'ils ch√©riront ? Ajouter au panier maintenant ! ??
En savoir plus sur cet article",
4301871513,"Sac fourre-tout en toile personnalis√©, sac fourre-tout LOGO personnalis√©, sac fourre-tout pr√©nom, sac cadeau de demoiselle d'honneur, brod√© avec initiales fourre-tout personnalis√©, cadeau personnalis√©",,,0.26,USD,,https://www.etsy.com/fr/listing/4301871513/sac-fourre-tout-en-toile-personnalise?click_key=64716cf2-a405-43b1-9862-fb3ba959fcd0%3ALT37a67d097e52313b5cb6a90e51840863ca3a9935&click_sum=a59666cb&ls=s&ga_order=most_relevant&ga_search_type=all&ga_view_type=gallery&ga_search_query=tote+bag&ref=search_grid-911079-1-1&sr_prefetch=1&pf_from=search&pro=1&frs=1&pop=1&sts=1&content_source=64716cf2-a405-43b1-9862-fb3ba959fcd0%253ALT37a67d097e52313b5cb6a90e51840863ca3a9935,"Sacs fourre-tout personnalis√©s | Votre parfait compagnon de f√™te !‚ú®
Bienvenue dans notre boutique. Nous fabriquons √† la main une vari√©t√© de cadeaux personnalis√©s. Si vous √™tes toujours √† la recherche des articles de f√™te parfaits, vous √™tes au bon endroit, nous sommes s√ªrs que vous trouverez quelque chose de sp√©cial ici :)

Nos sacs fourre-tout personnalis√©s fabriqu√©s artisanalement allient fonctionnalit√© et charme personnalis√© - parfaits pour les anniversaires, les mariages ou pour une √©l√©gance de tous les jours. Chaque pi√®ce est fabriqu√©e √† la main avec amour pour raconter votre histoire unique.

Pourquoi vous allez adorer :

Qualit√© sup√©rieure : toile durable + doublure en polyester lisse (facile √† nettoyer !).

Adapt√© √† vos besoins : choisissez le texte √† broder + une √©tiquette volante ou un ruban gratuit (ajoutez votre s√©lection dans les commentaires lors du paiement !).

D√©tails bien pens√©s : fermeture √† glissi√®re s√©curis√©e + poign√©es renforc√©es pour une utilisation durable.

Options de cadeaux gratuits (1 par sac au choix) :

√âtiquettes volantes : rondes, carr√©es ou √©tiquette nominative

Ruban : ruban imprim√© (lettre et couleur fixes) ou ruban ordinaire

Offre sp√©ciale en gros :
Pour toute commande de 10 sacs fourre-tout ou plus, vous recevrez √©galement un √©ventail gratuit par sac !

üìê Proportions parfaites (mesur√©es √† la main) :
Taille du sac fourre-tout (M et L) :
Taille M :
Largeur du bas : 13,4 pouces/34 cm
Hauteur : 11,4 pouces/29 cm
Epaisseur : 5,5 pouces/14 cm
Hauteur de la poign√©e : 8,26 pouces/21 cm

Taille L :
Largeur du bas : 19,1 pouces/46 cm
Hauteur : 13,8 pouces/33 cm
Epaisseur : 7,1 pouces/17 cm
Hauteur de la poign√©e : 8,26 pouces/21 cm

üé® Couleur du sac : rouge, noir, kaki, vert, rose, bleu
Sac noir par d√©faut 2170 fils
Sac rouge par d√©faut 2314 fil
Sac kaki d√©faut 3401 fil
Fil vert par d√©faut 3226
Sac rose par d√©faut 2258 fils
Sac bleu par d√©faut 3625 fils

* Toutes les donn√©es sont mesur√©es manuellement √† titre indicatif, il y a une erreur de 1 √† 3 cm
* La doublure du sac est en polyester, veuillez ne pas passer de commande si cela vous d√©range

* La hauteur et la largeur du texte personnalis√© √©tant limit√©es, si le texte n'est pas long (en r√©f√©rence √† la largeur) mais que la hauteur d√©passe la limite lors de l'utilisation de la police 9, l'ensemble du texte sera r√©duit. La police 9 sera plus petite si elle est appliqu√©e √† certaines expressions (commen√ßant par J ou des lettres telles que C/S/L, se terminant par y/j/g/p/q ou des mots au milieu). Si cela vous d√©range, veuillez ne pas choisir la police 9.

* Le texte et la couleur ne peuvent pas √™tre modifi√©s apr√®s avoir pass√© la commande, veuillez confirmer clairement avant le paiement

Pour ce qui est de la personnalisation, nous adapterons le texte √† vos notes, veuillez donc faire attention √† l'utilisation des majuscules. Si le contenu personnalis√© n'est pas fourni, nous devrons vous contacter pour confirmation, ce qui peut retarder la production. Veuillez v√©rifier vos notes de personnalisation √† la caisse, merci !

Pour les commandes urgentes :
Si vous avez besoin d'une commande urgente (quelle que soit la date de livraison estim√©e), veuillez nous contacter imm√©diatement apr√®s avoir pass√© votre commande. Nous vous fournirons une estimation du temps et organiserons la production en cons√©quence. Notez qu'une fois la personnalisation commenc√©e, les commandes ne peuvent pas √™tre annul√©es. La production standard prend 5 √† 7 jours et la livraison prend g√©n√©ralement 2 √† 3 semaines. Pour toute question, n'h√©sitez pas √† nous contacter, nous sommes l√† pour vous aider !

Pr√™t √† cr√©er un souvenir qu'ils ch√©riront ? Ajouter au panier maintenant ! ??
En savoir plus sur cet article",
1716154949,"Sac fourre-tout boh√®me √† fleurs brod√©es en marguerite beige naturel vert sauge | Motif lavande avec fermeture √† glissi√®re, cadeau parfait pour sa rentr√©e scolaire",,,37.14,USD,,https://www.etsy.com/fr/listing/1716154949/sac-fourre-tout-boheme-a-fleurs-brodees?click_key=64716cf2-a405-43b1-9862-fb3ba959fcd0%3ALTabe25165ff3b56d3b79162bbf60ed07147a7adaf&click_sum=d2ea8def&ls=s&ga_order=most_relevant&ga_search_type=all&ga_view_type=gallery&ga_search_query=tote+bag&ref=search_grid-911079-1-2&sr_prefetch=1&pf_from=search&pro=1&frs=1&pop=1&sts=1&content_source=64716cf2-a405-43b1-9862-fb3ba959fcd0%253ALTabe25165ff3b56d3b79162bbf60ed07147a7adaf,"Nous sommes ravis de vous pr√©senter une nouvelle option de couleur pour notre sac fourre-tout √† fleurs brod√©es boh√®mes ! D√©sormais disponible dans un vert sauge serein et un beige naturel classique, il pr√©sente les m√™mes am√©liorations que vous aimez : des bretelles en toile renforc√©e, une fermeture √† glissi√®re s√©curis√©e, un int√©rieur durable et deux poches pratiques pour un rangement suppl√©mentaire. Choisissez celle qui convient √† votre style ou optez pour les deux pour une √©l√©gance polyvalente et quotidienne.

Dimensions
Largeur : 17 po.
Hauteur : 13 po.
Profondeur : 4,5 po.
Longueur de la bandouli√®re : 11,4 pouces de l'√©paule au sac.
*Sur la photo, je mesure 5 pieds 4 pouces.

Adoptez un style boh√®me-chic sans effort avec notre nouveau sac fourre-tout boh√®me √† fleurs brod√©es, d√©sormais disponible en deux belles couleurs : vert sauge et beige naturel. Orn√© de d√©licates broderies marguerites et lavande, ce sac √† main ajoute une touche de beaut√© inspir√©e de la nature √† n'importe quelle tenue.

Fabriqu√© √† partir d'un m√©lange de coton et de lin doux, il est √† la fois l√©ger et r√©sistant. Nous avons am√©lior√© le design avec des sangles en toile renforc√©es, une fermeture √† glissi√®re s√©curis√©e et deux poches int√©rieures pratiques pour garder vos affaires en s√©curit√© et organis√©es.

Ce fourre-tout est votre accessoire polyvalent, parfait pour les journ√©es √† la plage ; les courses du march√© ou les aventures de tous les jours. Se faire plaisir ou offrir √† quelqu'un de sp√©cial est le choix id√©al pour toutes les occasions.

Rehaussez votre style boh√®me avec notre sac fourre-tout boh√®me √† fleurs brod√©es, d√©sormais dot√© de toutes les caract√©ristiques que vous allez adorer !
En savoir plus sur cet article",
1716154949,"Sac fourre-tout boh√®me √† fleurs brod√©es en marguerite beige naturel vert sauge | Motif lavande avec fermeture √† glissi√®re, cadeau parfait pour sa rentr√©e scolaire",,,37.14,USD,,https://www.etsy.com/fr/listing/1716154949/sac-fourre-tout-boheme-a-fleurs-brodees?click_key=64716cf2-a405-43b1-9862-fb3ba959fcd0%3ALTabe25165ff3b56d3b79162bbf60ed07147a7adaf&click_sum=d2ea8def&ls=s&ga_order=most_relevant&ga_search_type=all&ga_view_type=gallery&ga_search_query=tote+bag&ref=search_grid-911079-1-2&sr_prefetch=1&pf_from=search&pro=1&frs=1&pop=1&sts=1&content_source=64716cf2-a405-43b1-9862-fb3ba959fcd0%253ALTabe25165ff3b56d3b79162bbf60ed07147a7adaf,"Nous sommes ravis de vous pr√©senter une nouvelle option de couleur pour notre sac fourre-tout √† fleurs brod√©es boh√®mes ! D√©sormais disponible dans un vert sauge serein et un beige naturel classique, il pr√©sente les m√™mes am√©liorations que vous aimez : des bretelles en toile renforc√©e, une fermeture √† glissi√®re s√©curis√©e, un int√©rieur durable et deux poches pratiques pour un rangement suppl√©mentaire. Choisissez celle qui convient √† votre style ou optez pour les deux pour une √©l√©gance polyvalente et quotidienne.

Dimensions
Largeur : 17 po.
Hauteur : 13 po.
Profondeur : 4,5 po.
Longueur de la bandouli√®re : 11,4 pouces de l'√©paule au sac.
*Sur la photo, je mesure 5 pieds 4 pouces.

Adoptez un style boh√®me-chic sans effort avec notre nouveau sac fourre-tout boh√®me √† fleurs brod√©es, d√©sormais disponible en deux belles couleurs : vert sauge et beige naturel. Orn√© de d√©licates broderies marguerites et lavande, ce sac √† main ajoute une touche de beaut√© inspir√©e de la nature √† n'importe quelle tenue.

Fabriqu√© √† partir d'un m√©lange de coton et de lin doux, il est √† la fois l√©ger et r√©sistant. Nous avons am√©lior√© le design avec des sangles en toile renforc√©es, une fermeture √† glissi√®re s√©curis√©e et deux poches int√©rieures pratiques pour garder vos affaires en s√©curit√© et organis√©es.

Ce fourre-tout est votre accessoire polyvalent, parfait pour les journ√©es √† la plage ; les courses du march√© ou les aventures de tous les jours. Se faire plaisir ou offrir √† quelqu'un de sp√©cial est le choix id√©al pour toutes les occasions.

Rehaussez votre style boh√®me avec notre sac fourre-tout boh√®me √† fleurs brod√©es, d√©sormais dot√© de toutes les caract√©ristiques que vous allez adorer !
En savoir plus sur cet article",
4374771805,"Personalized Embroidered Corduroy Tote ‚Äî Bridesmaid Gift, Custom Name Tote Bag, Everyday Essential & Weekender, Christmas Gift for Her",,,12.41,USD,,https://www.etsy.com/fr/listing/4374771805/personalized-embroidered-corduroy-tote?click_key=64716cf2-a405-43b1-9862-fb3ba959fcd0%3ALTd8a58d63a882359a25044934936ae7f1be2bc630&click_sum=270e56d8&ls=s&ga_order=most_relevant&ga_search_type=all&ga_view_type=gallery&ga_search_query=tote+bag&ref=search_grid-911079-1-3&sr_prefetch=1&pf_from=search&pro=1&pop=1&sts=1&content_source=64716cf2-a405-43b1-9862-fb3ba959fcd0%253ALTd8a58d63a882359a25044934936ae7f1be2bc630,"üíïPersonalized Embroidered Corduroy Tote ‚Äî Vintage Charm Meets Everyday Style

Add a cozy, vintage touch to your daily look with this custom embroidered corduroy tote. Made from premium textured corduroy with a reinforced canvas lining and neat stitching, it‚Äôs stylish, sturdy, and perfect for errands, commuting, weekend outings, or a thoughtful gift.

‚ú® Handmade | Material: Premium Corduroy | Craft: Fine Embroidery
‚ú® Size: 17"" W √ó 14"" H (43 √ó 36 cm)

‚ô• WHY CHOOSE THIS TOTE ? ‚ô•

‚ñπCustomizable: Add a name or initials (up to 11 characters).
‚ñπChoose thread color. Vintage Texture: Soft, durable corduroy with a classic, elevated feel.
‚ñπRoomy Interior: Wide opening for easy access to your wallet, phone, and daily essentials.
‚ñπPractical Lining: Reinforced canvas lining with a zippered pocket to keep belongings secure and organized.

üíå HOW TO ORDER üíå

1. Pick your bag color (see color options).
2. Select thread color.
3. Enter the name or initials to embroider (max 11 characters) in the personalization box.

üéÅ Perfect ForüéÅ

Everyday errands, commuting, and weekend outings; bridesmaid gifts, birthdays, Christmas, and back-to-school surprises; or anyone who loves thoughtful, personalized accessories.

‚ö†Ô∏è Important Notes:

‚ñπ Personalized items cannot be returned or exchanged. Please double-check your order details before finalizing your purchase
‚ñπ For rush orders, please contact us before placing your order

üíï Feel free to reach out if you have any questions or need assistance!
En savoir plus sur cet article",
4374771805,"Personalized Embroidered Corduroy Tote ‚Äî Bridesmaid Gift, Custom Name Tote Bag, Everyday Essential & Weekender, Christmas Gift for Her",,,12.41,USD,,https://www.etsy.com/fr/listing/4374771805/personalized-embroidered-corduroy-tote?click_key=64716cf2-a405-43b1-9862-fb3ba959fcd0%3ALTd8a58d63a882359a25044934936ae7f1be2bc630&click_sum=270e56d8&ls=s&ga_order=most_relevant&ga_search_type=all&ga_view_type=gallery&ga_search_query=tote+bag&ref=search_grid-911079-1-3&sr_prefetch=1&pf_from=search&pro=1&pop=1&sts=1&content_source=64716cf2-a405-43b1-9862-fb3ba959fcd0%253ALTd8a58d63a882359a25044934936ae7f1be2bc630,"üíïPersonalized Embroidered Corduroy Tote ‚Äî Vintage Charm Meets Everyday Style

Add a cozy, vintage touch to your daily look with this custom embroidered corduroy tote. Made from premium textured corduroy with a reinforced canvas lining and neat stitching, it‚Äôs stylish, sturdy, and perfect for errands, commuting, weekend outings, or a thoughtful gift.

‚ú® Handmade | Material: Premium Corduroy | Craft: Fine Embroidery
‚ú® Size: 17"" W √ó 14"" H (43 √ó 36 cm)

‚ô• WHY CHOOSE THIS TOTE ? ‚ô•

‚ñπCustomizable: Add a name or initials (up to 11 characters).
‚ñπChoose thread color. Vintage Texture: Soft, durable corduroy with a classic, elevated feel.
‚ñπRoomy Interior: Wide opening for easy access to your wallet, phone, and daily essentials.
‚ñπPractical Lining: Reinforced canvas lining with a zippered pocket to keep belongings secure and organized.

üíå HOW TO ORDER üíå

1. Pick your bag color (see color options).
2. Select thread color.
3. Enter the name or initials to embroider (max 11 characters) in the personalization box.

üéÅ Perfect ForüéÅ

Everyday errands, commuting, and weekend outings; bridesmaid gifts, birthdays, Christmas, and back-to-school surprises; or anyone who loves thoughtful, personalized accessories.

‚ö†Ô∏è Important Notes:

‚ñπ Personalized items cannot be returned or exchanged. Please double-check your order details before finalizing your purchase
‚ñπ For rush orders, please contact us before placing your order

üíï Feel free to reach out if you have any questions or need assistance!
En savoir plus sur cet article",
4312766503,"Sac fourre-tout personnalis√©, Cadeaux de demoiselle d'honneur, Sac fourre-tout en toile brod√©e avec initiales, Shower nuptiale, Cadeaux personnalis√©s, Cadeaux pour enterrement de vie de jeune fille",,,3.96,USD,,https://www.etsy.com/fr/listing/4312766503/sac-fourre-tout-personnalise-cadeaux-de?click_key=64716cf2-a405-43b1-9862-fb3ba959fcd0%3ALT9f4d4e27a7b05740a174a746d75b36e96c661d3c&click_sum=4c35334d&ls=s&ga_order=most_relevant&ga_search_type=all&ga_view_type=gallery&ga_search_query=tote+bag&ref=search_grid-911079-1-4&sr_prefetch=1&pf_from=search&pro=1&frs=1&pop=1&sts=1&content_source=64716cf2-a405-43b1-9862-fb3ba959fcd0%253ALT9f4d4e27a7b05740a174a746d75b36e96c661d3c,"Nous sommes fiers de vous pr√©senter ce sac √† main personnalis√© brod√©, qui est soigneusement fabriqu√© avec une toile de haute qualit√©, une excellente qualit√© et des d√©tails exquis. Chaque sac √† main est soumis √† un contr√¥le qualit√© strict pour garantir sa durabilit√© et son √©l√©gance. Dans le m√™me temps, nous proposons une large gamme de couleurs, d'accessoires et d'options de personnalisation pour r√©pondre aux besoins personnalis√©s des diff√©rents consommateurs.

Logo personnalis√© :
Que vous soyez un homme d'affaires √† la recherche d'un style simple, un jeune cr√©ateur qui aime les tendances individuelles ou un professionnel de la culture qui pr√©serve le charme traditionnel, nous pouvons personnaliser le logo autour de la ¬´ personnalisation ¬ª. Des lignes minimalistes pour souligner le style, aux √©l√©ments cr√©atifs pour montrer une attitude unique, aux motifs traditionnels pour int√©grer un temp√©rament √©l√©gant, nous pouvons r√©pondre avec pr√©cision √† vos passe-temps et √† vos besoins pour cr√©er un logo unique.
Vous pouvez nous envoyer le logo que vous devez personnaliser (vous pouvez nous le faire savoir via la bo√Æte de dialogue)
Joignez les informations dont vous avez besoin pour personnaliser (vous pouvez communiquer avec nous via la bo√Æte de dialogue)
Nous r√©aliserons pour vous un rendu bas√© sur votre logo personnalis√© et vous enverrons des photos pour r√©f√©rence.
Si vous avez des questions, n'h√©sitez pas √† nous contacter


Les couleurs assorties par d√©faut sont les suivantes :
Sac kaki : 3401
Sac noir : 2170
Sac rouge : 2314
Sac vert : 3226
Sac rose : 2258
Sac bleu : 3625
√Ä propos du ruban :
Si vous achetez un sac fourre-tout personnalis√©,
Nous vous offrons un ruban de la m√™me couleur que le sac.
Si vous souhaitez un ruban √† lettres, veuillez laisser un message dans la case de personnalisation.
Remarque : les couleurs et les lettres des rubans de 26 lettres sont fixes.

Mat√©riau : fabriqu√© en toile de haute qualit√©, agr√©able au toucher, respectueux de l'environnement et durable.
Choix des couleurs : cinq couleurs √† la mode sont disponibles : kaki, noir, vert, rouge et rose. Veuillez noter qu'il peut y avoir une l√©g√®re diff√©rence de couleur en raison de l'affichage des couleurs de diff√©rents moniteurs, veuillez vous r√©f√©rer au produit r√©el.
Accessoires et d√©tails :

Ruban polyester : 26 styles de ruban polyester sont disponibles au choix, pour ajouter une touche de couleur vive √† votre sac √† main. Si vous avez besoin d'une photo de r√©f√©rence, n'h√©sitez pas √† nous contacter.
Conception de la fermeture √† glissi√®re : le sac √† main est √©quip√© d'une fermeture √† glissi√®re pratique pour vous assurer que vos affaires sont en s√©curit√© et sans souci.

Taille du sac fourre-tout (M et L) :
Taille M :
Largeur du bas : 13,4 pouces/34 cm
Hauteur : 11,4 pouces/29 cm
Epaisseur : 5,5 pouces/14 cm
Hauteur de la poign√©e : 8,26 pouces/21 cm

Taille L :
Largeur du bas : 19,1 pouces/46 cm
Hauteur : 13,8 pouces/33 cm
Epaisseur : 7,1 pouces/17 cm
Hauteur de la poign√©e : 8,26 pouces/21 cm
* Toutes les donn√©es sont mesur√©es manuellement √† titre indicatif, il y a une erreur de 1 √† 3 cm
* La doublure du sac est en polyester, veuillez ne pas passer de commande si cela vous d√©range
*Remarque : le ruban du sac fourre-tout est fourni uniquement pour les sacs fourre-tout personnalis√©s.
Taille et mesure :

Service personnalis√© :

Polices de broderie : 9 polices de caract√®res √©l√©gantes et classiques sont propos√©es au choix, de sorte que votre nom ou votre texte puisse √™tre pr√©sent√© de mani√®re unique.
Couleur de broderie : 40 couleurs de broderie sont propos√©es au choix pour cr√©er un effet visuel personnalis√©. Si vous ne choisissez pas la couleur de la broderie, nous choisirons par d√©faut la couleur qui vous convient le mieux en fonction de la couleur de votre sac. Les couleurs assorties par d√©faut sont les suivantes :
Sac kaki : 3401
Sac noir : 2170
Sac rouge : 2314
Sac vert : 3226
Sac rose : 2258
√Ä propos de la correspondance des couleurs de broderie :
Notre √©quipe de designers a une riche exp√©rience et peut cr√©er le meilleur effet visuel pour votre sac √† main. Si vous avez des exigences particuli√®res ou des pr√©occupations concernant la couleur de la broderie, n'h√©sitez pas √† nous contacter et nous vous servirons sans r√©serve.

Conseils d'entretien :
Veuillez laver le sac √† main avec un chiffon humide et le laisser s√©cher afin de le garder dans les meilleures conditions.
Conseils particuliers :
Si vous avez des exigences particuli√®res ou des questions concernant le produit, n'h√©sitez pas √† nous contacter. Nous v√©rifierons et vous fournirons une assistance suppl√©mentaire pour nous assurer que vous revenez avec satisfaction.
Nous nous engageons √† vous offrir une exp√©rience de magasinage pratique. O√π que vous soyez, vous pouvez facilement acheter votre sac √† main personnalis√© avec pr√©nom brod√©. Pendant le processus d'achat, si vous avez des questions ou avez besoin d'aide, n'h√©sitez pas √† contacter notre service client√®le et nous vous servirons sans r√©serve.

N'h√©sitez pas √† choisir nos sacs √† main personnalis√©s brod√©s pour faire de chaque voyage un paysage unique !
En savoir plus sur cet article",
4312766503,"Sac fourre-tout personnalis√©, Cadeaux de demoiselle d'honneur, Sac fourre-tout en toile brod√©e avec initiales, Shower nuptiale, Cadeaux personnalis√©s, Cadeaux pour enterrement de vie de jeune fille",,,3.96,USD,,https://www.etsy.com/fr/listing/4312766503/sac-fourre-tout-personnalise-cadeaux-de?click_key=64716cf2-a405-43b1-9862-fb3ba959fcd0%3ALT9f4d4e27a7b05740a174a746d75b36e96c661d3c&click_sum=4c35334d&ls=s&ga_order=most_relevant&ga_search_type=all&ga_view_type=gallery&ga_search_query=tote+bag&ref=search_grid-911079-1-4&sr_prefetch=1&pf_from=search&pro=1&frs=1&pop=1&sts=1&content_source=64716cf2-a405-43b1-9862-fb3ba959fcd0%253ALT9f4d4e27a7b05740a174a746d75b36e96c661d3c,"Nous sommes fiers de vous pr√©senter ce sac √† main personnalis√© brod√©, qui est soigneusement fabriqu√© avec une toile de haute qualit√©, une excellente qualit√© et des d√©tails exquis. Chaque sac √† main est soumis √† un contr√¥le qualit√© strict pour garantir sa durabilit√© et son √©l√©gance. Dans le m√™me temps, nous proposons une large gamme de couleurs, d'accessoires et d'options de personnalisation pour r√©pondre aux besoins personnalis√©s des diff√©rents consommateurs.

Logo personnalis√© :
Que vous soyez un homme d'affaires √† la recherche d'un style simple, un jeune cr√©ateur qui aime les tendances individuelles ou un professionnel de la culture qui pr√©serve le charme traditionnel, nous pouvons personnaliser le logo autour de la ¬´ personnalisation ¬ª. Des lignes minimalistes pour souligner le style, aux √©l√©ments cr√©atifs pour montrer une attitude unique, aux motifs traditionnels pour int√©grer un temp√©rament √©l√©gant, nous pouvons r√©pondre avec pr√©cision √† vos passe-temps et √† vos besoins pour cr√©er un logo unique.
Vous pouvez nous envoyer le logo que vous devez personnaliser (vous pouvez nous le faire savoir via la bo√Æte de dialogue)
Joignez les informations dont vous avez besoin pour personnaliser (vous pouvez communiquer avec nous via la bo√Æte de dialogue)
Nous r√©aliserons pour vous un rendu bas√© sur votre logo personnalis√© et vous enverrons des photos pour r√©f√©rence.
Si vous avez des questions, n'h√©sitez pas √† nous contacter


Les couleurs assorties par d√©faut sont les suivantes :
Sac kaki : 3401
Sac noir : 2170
Sac rouge : 2314
Sac vert : 3226
Sac rose : 2258
Sac bleu : 3625
√Ä propos du ruban :
Si vous achetez un sac fourre-tout personnalis√©,
Nous vous offrons un ruban de la m√™me couleur que le sac.
Si vous souhaitez un ruban √† lettres, veuillez laisser un message dans la case de personnalisation.
Remarque : les couleurs et les lettres des rubans de 26 lettres sont fixes.

Mat√©riau : fabriqu√© en toile de haute qualit√©, agr√©able au toucher, respectueux de l'environnement et durable.
Choix des couleurs : cinq couleurs √† la mode sont disponibles : kaki, noir, vert, rouge et rose. Veuillez noter qu'il peut y avoir une l√©g√®re diff√©rence de couleur en raison de l'affichage des couleurs de diff√©rents moniteurs, veuillez vous r√©f√©rer au produit r√©el.
Accessoires et d√©tails :

Ruban polyester : 26 styles de ruban polyester sont disponibles au choix, pour ajouter une touche de couleur vive √† votre sac √† main. Si vous avez besoin d'une photo de r√©f√©rence, n'h√©sitez pas √† nous contacter.
Conception de la fermeture √† glissi√®re : le sac √† main est √©quip√© d'une fermeture √† glissi√®re pratique pour vous assurer que vos affaires sont en s√©curit√© et sans souci.

Taille du sac fourre-tout (M et L) :
Taille M :
Largeur du bas : 13,4 pouces/34 cm
Hauteur : 11,4 pouces/29 cm
Epaisseur : 5,5 pouces/14 cm
Hauteur de la poign√©e : 8,26 pouces/21 cm

Taille L :
Largeur du bas : 19,1 pouces/46 cm
Hauteur : 13,8 pouces/33 cm
Epaisseur : 7,1 pouces/17 cm
Hauteur de la poign√©e : 8,26 pouces/21 cm
* Toutes les donn√©es sont mesur√©es manuellement √† titre indicatif, il y a une erreur de 1 √† 3 cm
* La doublure du sac est en polyester, veuillez ne pas passer de commande si cela vous d√©range
*Remarque : le ruban du sac fourre-tout est fourni uniquement pour les sacs fourre-tout personnalis√©s.
Taille et mesure :

Service personnalis√© :

Polices de broderie : 9 polices de caract√®res √©l√©gantes et classiques sont propos√©es au choix, de sorte que votre nom ou votre texte puisse √™tre pr√©sent√© de mani√®re unique.
Couleur de broderie : 40 couleurs de broderie sont propos√©es au choix pour cr√©er un effet visuel personnalis√©. Si vous ne choisissez pas la couleur de la broderie, nous choisirons par d√©faut la couleur qui vous convient le mieux en fonction de la couleur de votre sac. Les couleurs assorties par d√©faut sont les suivantes :
Sac kaki : 3401
Sac noir : 2170
Sac rouge : 2314
Sac vert : 3226
Sac rose : 2258
√Ä propos de la correspondance des couleurs de broderie :
Notre √©quipe de designers a une riche exp√©rience et peut cr√©er le meilleur effet visuel pour votre sac √† main. Si vous avez des exigences particuli√®res ou des pr√©occupations concernant la couleur de la broderie, n'h√©sitez pas √† nous contacter et nous vous servirons sans r√©serve.

Conseils d'entretien :
Veuillez laver le sac √† main avec un chiffon humide et le laisser s√©cher afin de le garder dans les meilleures conditions.
Conseils particuliers :
Si vous avez des exigences particuli√®res ou des questions concernant le produit, n'h√©sitez pas √† nous contacter. Nous v√©rifierons et vous fournirons une assistance suppl√©mentaire pour nous assurer que vous revenez avec satisfaction.
Nous nous engageons √† vous offrir une exp√©rience de magasinage pratique. O√π que vous soyez, vous pouvez facilement acheter votre sac √† main personnalis√© avec pr√©nom brod√©. Pendant le processus d'achat, si vous avez des questions ou avez besoin d'aide, n'h√©sitez pas √† contacter notre service client√®le et nous vous servirons sans r√©serve.

N'h√©sitez pas √† choisir nos sacs √† main personnalis√©s brod√©s pour faire de chaque voyage un paysage unique !
En savoir plus sur cet article",
4363447940,"Sac fourre-tout personnalis√©, cadeau de demoiselle d'honneur, sacs √† main de plage, sac fourre-tout en toile brod√©e, fourre-tout texte personnalis√©, cadeaux EVJF, cartable, cadeau pour elle",,,1.68,USD,,https://www.etsy.com/fr/listing/4363447940/sac-fourre-tout-personnalise-cadeau-de?click_key=64716cf2-a405-43b1-9862-fb3ba959fcd0%3ALT6bd4533d82a7abedc8671233de3cc7ff83154da4&click_sum=187e8595&ls=s&ga_order=most_relevant&ga_search_type=all&ga_view_type=gallery&ga_search_query=tote+bag&ref=search_grid-911079-1-5&sr_prefetch=1&pf_from=search&pro=1&frs=1&pop=1&sts=1&content_source=64716cf2-a405-43b1-9862-fb3ba959fcd0%253ALT6bd4533d82a7abedc8671233de3cc7ff83154da4,"Nous vous pr√©sentons notre sac fourre-tout pour bateau personnalis√©, la combinaison parfaite de style et de fonctionnalit√©.

Mat√©riau du sac : toile
Couleur du sac : rouge, noir, marron, vert, bleu, rose, bleu marine
- Fil de caf√© par d√©faut du sac marron
- Fil for√™t par d√©faut du sac vert
- Sac rose par d√©faut Fil rose
- Sac rouge par d√©faut Fil rouge
- Sac noir par d√©faut Fil noir
- Fil bleu par d√©faut
- Fil bleu marine par d√©faut
Artisanat personnalis√© : broderie
M√©thode d'ouverture : fermeture √©clair

Mat√©riau des rubans : polyester
Les tailles varient l√©g√®rement selon le style. La longueur varie de 33 √† 35,5 pouces ; la largeur varie de 2,3 √† 2,9 pouces.
Ces rubans peuvent √™tre port√©s autour du cou, de la t√™te, de la taille ou des cheveux, et peuvent √©galement √™tre port√©s sur des chapeaux, des sacs √† main. En outre, il embellira parfaitement toutes les tenues.

* Toutes les donn√©es sont mesur√©es manuellement √† titre indicatif, il y a une erreur de 1 √† 3 cm
*La doublure du sac est en polyester.

CONSEILS D'ENTRETIEN :
Laver √† la main avec un chiffon humide et suspendre pour s√©cher uniquement.

Comment commander
1. S√©lectionnez la couleur du sac dans le menu d√©roulant
2. S√©lectionnez le ruban dans le menu d√©roulant
3. Laissez les informations personnalis√©es

*. R√©digez votre texte personnalis√© (jusqu'√† 12 caract√®res par ligne, 2 lignes maximum)
*.S√©lectionnez le mod√®le (par d√©faut D1)
*.S√©lectionnez une couleur de fil (la valeur par d√©faut correspond √† la couleur du sac, le sac blanc avec du noir)
*. Sensible √† la casse
*.Si vous choisissez D12, veuillez laisser 2 couleurs de fil dans l'ordre.
Exemple :
Sophia, D1, For√™t


üîîRemarque : le foulard √† lettres comporte par d√©faut la premi√®re lettre des informations personnalis√©es. Si vous avez besoin d'autres lettres, veuillez l'indiquer dans la case personnalis√©e, par exemple : une √©charpe

Conseils
¬∑En raison des variations dans l'affichage √† l'√©cran, il peut y avoir de l√©g√®res diff√©rences de couleur.
¬∑ Nos sacs fourre-tout brod√©s sont des produits personnalis√©s, s'il n'y a pas de probl√®mes de qualit√©, nous n'acceptons pas les retours. Veuillez v√©rifier les informations que vous avez laiss√©es dans la personnalisation lors de la commande.

Pour les commandes urgentes :
Si vous avez besoin d'une commande urgente, veuillez nous contacter imm√©diatement apr√®s avoir pass√© votre commande. Nous √©valuerons d'abord le temps pour vous et organiserons la production pour vous.

N'h√©sitez pas √† nous contacter si vous avez des questions.
En savoir plus sur cet article",
4363447940,"Sac fourre-tout personnalis√©, cadeau de demoiselle d'honneur, sacs √† main de plage, sac fourre-tout en toile brod√©e, fourre-tout texte personnalis√©, cadeaux EVJF, cartable, cadeau pour elle",,,1.68,USD,,https://www.etsy.com/fr/listing/4363447940/sac-fourre-tout-personnalise-cadeau-de?click_key=64716cf2-a405-43b1-9862-fb3ba959fcd0%3ALT6bd4533d82a7abedc8671233de3cc7ff83154da4&click_sum=187e8595&ls=s&ga_order=most_relevant&ga_search_type=all&ga_view_type=gallery&ga_search_query=tote+bag&ref=search_grid-911079-1-5&sr_prefetch=1&pf_from=search&pro=1&frs=1&pop=1&sts=1&content_source=64716cf2-a405-43b1-9862-fb3ba959fcd0%253ALT6bd4533d82a7abedc8671233de3cc7ff83154da4,"Nous vous pr√©sentons notre sac fourre-tout pour bateau personnalis√©, la combinaison parfaite de style et de fonctionnalit√©.

Mat√©riau du sac : toile
Couleur du sac : rouge, noir, marron, vert, bleu, rose, bleu marine
- Fil de caf√© par d√©faut du sac marron
- Fil for√™t par d√©faut du sac vert
- Sac rose par d√©faut Fil rose
- Sac rouge par d√©faut Fil rouge
- Sac noir par d√©faut Fil noir
- Fil bleu par d√©faut
- Fil bleu marine par d√©faut
Artisanat personnalis√© : broderie
M√©thode d'ouverture : fermeture √©clair

Mat√©riau des rubans : polyester
Les tailles varient l√©g√®rement selon le style. La longueur varie de 33 √† 35,5 pouces ; la largeur varie de 2,3 √† 2,9 pouces.
Ces rubans peuvent √™tre port√©s autour du cou, de la t√™te, de la taille ou des cheveux, et peuvent √©galement √™tre port√©s sur des chapeaux, des sacs √† main. En outre, il embellira parfaitement toutes les tenues.

* Toutes les donn√©es sont mesur√©es manuellement √† titre indicatif, il y a une erreur de 1 √† 3 cm
*La doublure du sac est en polyester.

CONSEILS D'ENTRETIEN :
Laver √† la main avec un chiffon humide et suspendre pour s√©cher uniquement.

Comment commander
1. S√©lectionnez la couleur du sac dans le menu d√©roulant
2. S√©lectionnez le ruban dans le menu d√©roulant
3. Laissez les informations personnalis√©es

*. R√©digez votre texte personnalis√© (jusqu'√† 12 caract√®res par ligne, 2 lignes maximum)
*.S√©lectionnez le mod√®le (par d√©faut D1)
*.S√©lectionnez une couleur de fil (la valeur par d√©faut correspond √† la couleur du sac, le sac blanc avec du noir)
*. Sensible √† la casse
*.Si vous choisissez D12, veuillez laisser 2 couleurs de fil dans l'ordre.
Exemple :
Sophia, D1, For√™t


üîîRemarque : le foulard √† lettres comporte par d√©faut la premi√®re lettre des informations personnalis√©es. Si vous avez besoin d'autres lettres, veuillez l'indiquer dans la case personnalis√©e, par exemple : une √©charpe

Conseils
¬∑En raison des variations dans l'affichage √† l'√©cran, il peut y avoir de l√©g√®res diff√©rences de couleur.
¬∑ Nos sacs fourre-tout brod√©s sont des produits personnalis√©s, s'il n'y a pas de probl√®mes de qualit√©, nous n'acceptons pas les retours. Veuillez v√©rifier les informations que vous avez laiss√©es dans la personnalisation lors de la commande.

Pour les commandes urgentes :
Si vous avez besoin d'une commande urgente, veuillez nous contacter imm√©diatement apr√®s avoir pass√© votre commande. Nous √©valuerons d'abord le temps pour vous et organiserons la production pour vous.

N'h√©sitez pas √† nous contacter si vous avez des questions.
En savoir plus sur cet article",
